allFiles,NumCands,AllWins,NumUniqueWin,WinLength
aberdeen2012/aberdeen12-01.blt,9,EEEEEEE,1,1
aberdeen2012/aberdeen12-02.blt,9,FFFFFFF,1,1
aberdeen2012/aberdeen12-03.blt,9,BBBBBBB,1,1
aberdeen2012/aberdeen12-04.blt,7,BBBBB,1,1
aberdeen2012/aberdeen12-05.blt,11,AAAAAAAAA,1,1
aberdeen2012/aberdeen12-06.blt,9,CCCCCCC,1,1
aberdeen2012/aberdeen12-07.blt,7,AAAAA,1,1
aberdeen2012/aberdeen12-08.blt,11,FFFFFFFFF,1,1
aberdeen2012/aberdeen12-09.blt,7,BBBBB,1,1
aberdeen2012/aberdeen12-10.blt,8,GGGGGG,1,1
aberdeen2012/aberdeen12-11.blt,6,FFFF,1,1
aberdeen2012/aberdeen12-12.blt,12,AAAAAAAAAA,1,1
aberdeen2012/aberdeen12-13.blt,7,BBBBB,1,1
aberdeen2017/aberdeen17-01.blt,7,DDDDD,1,1
aberdeen2017/aberdeen17-02.blt,9,AAAAAAA,1,1
aberdeen2017/aberdeen17-03.blt,7,CCCCC,1,1
aberdeen2017/aberdeen17-04.blt,8,AAAAAA,1,1
aberdeen2017/aberdeen17-05.blt,8,AAAAAA,1,1
aberdeen2017/aberdeen17-06.blt,9,FFFFFFF,1,1
aberdeen2017/aberdeen17-07.blt,8,AAAAAA,1,1
aberdeen2017/aberdeen17-08.blt,9,AAAAAAA,1,1
aberdeen2017/aberdeen17-09.blt,8,AAAAAA,1,1
aberdeen2017/aberdeen17-10.blt,6,FFFF,1,1
aberdeen2017/aberdeen17-11.blt,4,DD,1,1
aberdeen2017/aberdeen17-12.blt,10,BBBBBBBB,1,1
aberdeen2017/aberdeen17-13.blt,8,EEEEEE,1,1
aberdeen2022/Ward1.txt,8,AAAAAA,1,1
aberdeen2022/Ward10.txt,7,CCCCC,1,1
aberdeen2022/Ward11.txt,5,EEE,1,1
aberdeen2022/Ward12.txt,10,BBBBBBBB,1,1
aberdeen2022/Ward13.txt,8,FFFFFF,1,1
aberdeen2022/Ward2.txt,8,BBBBBB,1,1
aberdeen2022/Ward3.txt,7,CCCCC,1,1
aberdeen2022/Ward4.txt,9,BBBBBBB,1,1
aberdeen2022/Ward5.txt,7,AAAAA,1,1
aberdeen2022/Ward6.txt,10,FFFFFFFF,1,1
aberdeen2022/Ward7.txt,6,BBBB,1,1
aberdeen2022/Ward8.txt,7,DDDDD,1,1
aberdeen2022/Ward9.txt,7,BBBBB,1,1
aberdeenshire12-ballots/aberdeenshire12-01.blt,5,AAA,1,1
aberdeenshire12-ballots/aberdeenshire12-02.blt,8,FFFFFF,1,1
aberdeenshire12-ballots/aberdeenshire12-03.blt,10,IIIIIIII,1,1
aberdeenshire12-ballots/aberdeenshire12-04.blt,8,CCCCCC,1,1
aberdeenshire12-ballots/aberdeenshire12-05.blt,9,AAAAAAA,1,1
aberdeenshire12-ballots/aberdeenshire12-06.blt,6,EEEE,1,1
aberdeenshire12-ballots/aberdeenshire12-07.blt,6,AAAA,1,1
aberdeenshire12-ballots/aberdeenshire12-08.blt,7,DDDDD,1,1
aberdeenshire12-ballots/aberdeenshire12-09.blt,6,CCCC,1,1
aberdeenshire12-ballots/aberdeenshire12-10.blt,5,BBB,1,1
aberdeenshire12-ballots/aberdeenshire12-11.blt,8,FFFFFF,1,1
aberdeenshire12-ballots/aberdeenshire12-12.blt,6,DDDD,1,1
aberdeenshire12-ballots/aberdeenshire12-13.blt,5,CBB,2,3
aberdeenshire12-ballots/aberdeenshire12-14.blt,6,EEEE,1,1
aberdeenshire12-ballots/aberdeenshire12-15.blt,5,EEE,1,1
aberdeenshire12-ballots/aberdeenshire12-16.blt,5,CCC,1,1
aberdeenshire12-ballots/aberdeenshire12-17.blt,7,AAAAA,1,1
aberdeenshire12-ballots/aberdeenshire12-18.blt,10,AAAAAAAA,1,1
aberdeenshire12-ballots/aberdeenshire12-19.blt,7,CCBBB,2,3
aberdeenshire17-ballots/aberdeenshire17-01.blt,4,CC,1,1
aberdeenshire17-ballots/aberdeenshire17-02.blt,6,BBBB,1,1
aberdeenshire17-ballots/aberdeenshire17-03.blt,10,DDDDDDDD,1,1
aberdeenshire17-ballots/aberdeenshire17-04.blt,5,AAA,1,1
aberdeenshire17-ballots/aberdeenshire17-05.blt,6,BBBB,1,1
aberdeenshire17-ballots/aberdeenshire17-06.blt,6,CCCC,1,1
aberdeenshire17-ballots/aberdeenshire17-07.blt,5,EEE,1,1
aberdeenshire17-ballots/aberdeenshire17-08.blt,7,BBBBB,1,1
aberdeenshire17-ballots/aberdeenshire17-09.blt,5,DDD,1,1
aberdeenshire17-ballots/aberdeenshire17-10.blt,6,BBBB,1,1
aberdeenshire17-ballots/aberdeenshire17-11.blt,6,BBBB,1,1
aberdeenshire17-ballots/aberdeenshire17-12.blt,6,CCCC,1,1
aberdeenshire17-ballots/aberdeenshire17-13.blt,7,DDDDD,1,1
aberdeenshire17-ballots/aberdeenshire17-14.blt,6,BBBB,1,1
aberdeenshire17-ballots/aberdeenshire17-15.blt,5,CCC,1,1
aberdeenshire17-ballots/aberdeenshire17-16.blt,4,DD,1,1
aberdeenshire17-ballots/aberdeenshire17-17.blt,7,FEEEE,2,3
aberdeenshire17-ballots/aberdeenshire17-18.blt,7,AAAAA,1,1
aberdeenshire17-ballots/aberdeenshire17-19.blt,8,BBBBBB,1,1
aberdeenshire22/preferenceprofile_v0001_ward-10-west-garioch_06052022_172124.csv,8,BBGGGG,2,3
aberdeenshire22/preferenceprofile_v0001_ward-11-inverurie-and-district_06052022_172124.csv,6,CCCC,1,1
aberdeenshire22/preferenceprofile_v0001_ward-12-east-garioch_06052022_172124.csv,6,FFFF,1,1
aberdeenshire22/preferenceprofile_v0001_ward-13-westhill-and-district_06052022_172124.csv,7,CFFFF,2,3
aberdeenshire22/preferenceprofile_v0001_ward-14-huntly-strathbogie-and-howe-of-alford_06052022_172124.csv,7,CCCCC,1,1
aberdeenshire22/preferenceprofile_v0001_ward-15-aboyne-upper-deeside-and-donside_06052022_172124.csv,6,BBBB,1,1
aberdeenshire22/preferenceprofile_v0001_ward-16-banchory-and-mid-deeside_06052022_172124.csv,6,FBBB,2,3
aberdeenshire22/preferenceprofile_v0001_ward-17-north-kincardine_06052022_172124.csv,9,AAAAAAA,1,1
aberdeenshire22/preferenceprofile_v0001_ward-18-stonehaven-and-lower-deeside_06052022_172124.csv,8,ADDDDD,2,3
aberdeenshire22/preferenceprofile_v0001_ward-19-mearns_06052022_172124.csv,11,ICIIIIIII,2,3
aberdeenshire22/preferenceprofile_v0001_ward-2-troup_06052022_172123.csv,5,CCC,1,1
aberdeenshire22/preferenceprofile_v0001_ward-3-fraserburgh-and-district_06052022_172124.csv,7,EEEEE,1,1
aberdeenshire22/preferenceprofile_v0001_ward-4-central-buchan_06052022_172124.csv,10,HHHHHHHH,1,1
aberdeenshire22/preferenceprofile_v0001_ward-5-peterhead-north-and-rattray_06052022_172118.csv,8,GBBBBB,2,3
aberdeenshire22/preferenceprofile_v0001_ward-6-peterhead-south-and-cruden_06052022_172115.csv,4,DD,1,1
aberdeenshire22/preferenceprofile_v0001_ward-7-turriff-and-district_06052022_172118.csv,6,EEEE,1,1
aberdeenshire22/preferenceprofile_v0001_ward-8-mid-formartine_06052022_172123.csv,6,DDDD,1,1
aberdeenshire22/preferenceprofile_v0001_ward-9-ellon-and-district_06052022_172124.csv,7,EEEEE,1,1
aberdeenshire22/ward1.csv,8,FFFFFF,1,1
angus12-ballots/angus12-01.blt,4,BB,1,1
angus12-ballots/angus12-02.blt,6,BBBB,1,1
angus12-ballots/angus12-03.blt,7,CCCCC,1,1
angus12-ballots/angus12-04.blt,6,CCCC,1,1
angus12-ballots/angus12-05.blt,7,CCCCC,1,1
angus12-ballots/angus12-06.blt,8,CCCCCC,1,1
angus12-ballots/angus12-07.blt,6,FFFF,1,1
angus12-ballots/angus12-08.blt,6,BEEE,2,3
angus17-ballots/angus17-01.blt,6,EEEE,1,1
angus17-ballots/angus17-02.blt,7,DCCCC,2,3
angus17-ballots/angus17-03.blt,8,BBBBBB,1,1
angus17-ballots/angus17-04.blt,5,AAA,1,1
angus17-ballots/angus17-05.blt,7,BBBBB,1,1
angus17-ballots/angus17-06.blt,5,CCC,1,1
angus17-ballots/angus17-07.blt,8,AEEEEE,2,3
angus17-ballots/angus17-08.blt,7,AGGGG,2,3
angus22/ward1.txt,7,AAAAA,1,1
angus22/ward2.txt,5,CCC,1,1
angus22/ward3.txt,8,BBBGGG,2,3
angus22/ward4.txt,8,DDDDDD,1,1
angus22/ward5.txt,7,FBBBB,2,3
angus22/ward6.txt,10,BBBBBBBB,1,1
angus22/ward7.txt,6,DDDD,1,1
angus22/ward8.txt,9,CCCCCCC,1,1
argyll-bute12-ballots/argyll-bute12-01.blt,7,EEEEE,1,1
argyll-bute12-ballots/argyll-bute12-02.blt,7,CCCCC,1,1
argyll-bute12-ballots/argyll-bute12-03.blt,6,DDDD,1,1
argyll-bute12-ballots/argyll-bute12-04.blt,9,BIIIIII,2,3
argyll-bute12-ballots/argyll-bute12-05.blt,10,IIIIIIII,1,1
argyll-bute12-ballots/argyll-bute12-06.blt,9,AAFFFFF,2,3
argyll-bute12-ballots/argyll-bute12-08.blt,6,DDDD,1,1
argyll-bute12-ballots/argyll-bute12-09.blt,7,BBBBB,1,1
argyll-bute12-ballots/argyll-bute12-10.blt,6,BBBB,1,1
argyll-bute12-ballots/argyll-bute12-11.blt,4,BB,1,1
argyll-bute12-ballots/argyll-bute120510-07.blt,6,FFFF,1,1
argyll-bute17-ballots/argyll-bute17-02.blt,6,BAAA,2,3
argyll-bute17-ballots/argyll-bute17-03.blt,7,FFFFF,1,1
argyll-bute17-ballots/argyll-bute17-04.blt,8,FFFFFF,1,1
argyll-bute17-ballots/argyll-bute17-05.blt,10,HHHHHHHH,1,1
argyll-bute17-ballots/argyll-bute17-06.blt,6,EEEE,1,1
argyll-bute17-ballots/argyll-bute17-07.blt,10,CCCCCCCC,1,1
argyll-bute17-ballots/argyll-bute17-08.blt,7,EEEEE,1,1
argyll-bute17-ballots/argyll-bute17-09.blt,7,FFFFF,1,1
argyll-bute17-ballots/argyll-bute17-10.blt,5,DDD,1,1
argyll-bute17-ballots/argyll-bute17-11.blt,8,DDDDDD,1,1
argyll22/ward1.csv,4,CC,1,1
argyll22/ward10.csv,7,FFDDD,2,3
argyll22/ward11.csv,5,EEE,1,1
argyll22/ward2.csv,6,DDDC,2,2
argyll22/ward3.csv,9,HHHHHHH,1,1
argyll22/ward4.csv,11,HHHHHHHHH,1,1
argyll22/ward5.csv,8,GGGGGG,1,1
argyll22/ward6.csv,7,AAAAA,1,1
argyll22/ward7.csv,7,BBBBB,1,1
argyll22/ward8.csv,9,DDDDDDD,1,1
argyll22/ward9.csv,7,AAAAA,1,1
clackmannanshire12-ballots/clacks12-01.blt,7,CCCCC,1,1
clackmannanshire12-ballots/clacks12-02.blt,8,BBBBBB,1,1
clackmannanshire12-ballots/clacks12-03.blt,6,DDDD,1,1
clackmannanshire12-ballots/clacks12-04.blt,5,DDD,1,1
clackmannanshire12-ballots/clacks12-05.blt,4,BB,1,1
clackmannanshire17-ballots/clacks17-001.blt,8,DDDDDD,1,1
clackmannanshire17-ballots/clacks17-002.blt,8,DDDDDD,1,1
clackmannanshire17-ballots/clacks17-003.blt,6,CCCC,1,1
clackmannanshire17-ballots/clacks17-004.blt,7,EEEEE,1,1
clackmannanshire17-ballots/clacks17-005.blt,6,DDDD,1,1
clackmannanshire22/ward1.txt,7,AAAAA,1,1
clackmannanshire22/ward2.txt,8,BBBBBB,1,1
clackmannanshire22/ward3.txt,7,AAAAA,1,1
clackmannanshire22/ward4.txt,7,BBBBB,1,1
clackmannanshire22/ward5.txt,7,BBBBB,1,1
dumgal12-ballots/dumgal12-01.blt,4,DD,1,1
dumgal12-ballots/dumgal12-02.blt,4,AA,1,1
dumgal12-ballots/dumgal12-03.blt,6,ABBB,2,3
dumgal12-ballots/dumgal12-04.blt,8,HHHHHH,1,1
dumgal12-ballots/dumgal12-05.blt,7,AAAAA,1,1
dumgal12-ballots/dumgal12-06.blt,6,CCCC,1,1
dumgal12-ballots/dumgal12-07.blt,5,DCC,2,3
dumgal12-ballots/dumgal12-08.blt,6,AAAA,1,1
dumgal12-ballots/dumgal12-09.blt,5,DDD,1,1
dumgal12-ballots/dumgal12-10.blt,8,CCCCCC,1,1
dumgal12-ballots/dumgal12-11.blt,7,CCCCC,1,1
dumgal12-ballots/dumgal12-12.blt,7,BEEEE,2,3
dumgal12-ballots/dumgal12-13.blt,9,CFFFFFF,2,3
dumgal17-ballots/dumgal17-01.blt,8,FFFFFF,1,1
dumgal17-ballots/dumgal17-02.blt,9,DDDDDDD,1,1
dumgal17-ballots/dumgal17-03.blt,9,BBBBBBB,1,1
dumgal17-ballots/dumgal17-04.blt,6,BBAA,2,3
dumgal17-ballots/dumgal17-05.blt,7,AAAAA,1,1
dumgal17-ballots/dumgal17-06.blt,7,AAAAA,1,1
dumgal17-ballots/dumgal17-07.blt,5,AAA,1,1
dumgal17-ballots/dumgal17-08.blt,9,AAAAAAA,1,1
dumgal17-ballots/dumgal17-09.blt,10,EEGGGGGG,2,3
dumgal17-ballots/dumgal17-10.blt,7,BBBBB,1,1
dumgal17-ballots/dumgal17-11.blt,5,BBB,1,1
dumgal17-ballots/dumgal17-12.blt,6,AAAA,1,1
dumgal22/ward1.blt.docx,7,CCCCC,1,1
dumgal22/ward10.blt,6,BBEE,2,3
dumgal22/ward11.blt,7,FDDDD,2,3
dumgal22/ward12.blt,7,AAAAA,1,1
dumgal22/ward2.blt,5,CCC,1,1
dumgal22/ward3.blt,7,CCCCC,1,1
dumgal22/ward4.blt,8,BBBBBB,1,1
dumgal22/ward5.blt,5,BBB,1,1
dumgal22/ward6.blt,5,BBB,1,1
dumgal22/ward7.blt,5,BBB,1,1
dumgal22/ward8.blt,5,DDD,1,1
dumgal22/ward9.blt,7,AAAAA,1,1
dundee12-ballots/dundee12-01.blt,9,AAAAAAA,1,1
dundee12-ballots/dundee12-02.blt,9,DDDDDDD,1,1
dundee12-ballots/dundee12-03.blt,7,DDDDD,1,1
dundee12-ballots/dundee12-04.blt,9,BBBBBBB,1,1
dundee12-ballots/dundee12-05.blt,7,CCCCC,1,1
dundee12-ballots/dundee12-06.blt,8,FFFFFF,1,1
dundee12-ballots/dundee12-07.blt,7,CCCCC,1,1
dundee12-ballots/dundee12-08.blt,6,DDDD,1,1
dundee17-ballots/dundee17-01.blt,7,AAAAA,1,1
dundee17-ballots/dundee17-02.blt,10,IIIIIIII,1,1
dundee17-ballots/dundee17-03.blt,9,DDDDDDD,1,1
dundee17-ballots/dundee17-04.blt,10,BBBBBBBB,1,1
dundee17-ballots/dundee17-05.blt,7,EEEEE,1,1
dundee17-ballots/dundee17-06.blt,8,EEEEEE,1,1
dundee17-ballots/dundee17-07.blt,9,AAAAAAA,1,1
dundee17-ballots/dundee17-08.blt,9,GGGGGGG,1,1
dundee22/Ward1.blt,9,AAAAAAA,1,1
dundee22/Ward2.blt,9,GGGGGGG,1,1
dundee22/Ward3.blt,9,HHHHHHH,1,1
dundee22/Ward4.blt,9,CCCCCCC,1,1
dundee22/Ward5.blt,8,GGGGGG,1,1
dundee22/Ward6.blt,7,DDDDD,1,1
dundee22/Ward7.blt,7,BBBBB,1,1
dundee22/Ward8.blt,9,CCCCCCC,1,1
e-ayrshire12-ballots/e-ayrshire12-01.csv,6,DDDD,1,1
e-ayrshire12-ballots/e-ayrshire12-02.blt,4,AA,1,1
e-ayrshire12-ballots/e-ayrshire12-03.blt,6,CCCC,1,1
e-ayrshire12-ballots/e-ayrshire12-04.blt,5,BBB,1,1
e-ayrshire12-ballots/e-ayrshire12-05.blt,5,BBB,1,1
e-ayrshire12-ballots/e-ayrshire12-06.blt,5,BBB,1,1
e-ayrshire12-ballots/e-ayrshire12-07.blt,6,EBBB,2,3
e-ayrshire12-ballots/e-ayrshire12-08.blt,8,HHHHHH,1,1
e-ayrshire12-ballots/e-ayrshire12-09.blt,6,CCCC,1,1
e-ayrshire17-ballots/e-ayrshire17-01.blt,8,EEEEEE,1,1
e-ayrshire17-ballots/e-ayrshire17-02.blt,5,AAA,1,1
e-ayrshire17-ballots/e-ayrshire17-03.blt,6,EEEE,1,1
e-ayrshire17-ballots/e-ayrshire17-04.blt,7,AAAAA,1,1
e-ayrshire17-ballots/e-ayrshire17-05.blt,5,EEE,1,1
e-ayrshire17-ballots/e-ayrshire17-06.blt,8,GGGGGG,1,1
e-ayrshire17-ballots/e-ayrshire17-07.blt,7,AAAAA,1,1
e-ayrshire17-ballots/e-ayrshire17-08.blt,8,CCCCCC,1,1
e-ayrshire17-ballots/e-ayrshire17-09.blt,9,BBBBBBB,1,1
e-ayrshire22 (pdfs)/Ward1.csv,6,BBBB,1,1
e-ayrshire22 (pdfs)/Ward2.csv,6,AAAA,1,1
e-ayrshire22 (pdfs)/Ward3.csv,7,CCCCC,1,1
e-ayrshire22 (pdfs)/Ward4.csv,6,CCCC,1,1
e-ayrshire22 (pdfs)/Ward5.csv,6,EEEE,1,1
e-ayrshire22 (pdfs)/Ward6.csv,5,AAA,1,1
e-ayrshire22 (pdfs)/Ward7.csv,6,BBAA,2,3
e-ayrshire22 (pdfs)/Ward8.csv,6,AAAA,1,1
e-ayrshire22 (pdfs)/Ward9.csv,6,BBBB,1,1
e-duns12-ballots/e-duns12-01.blt,4,CC,1,1
e-duns12-ballots/e-duns12-02.blt,8,AAAAAA,1,1
e-duns12-ballots/e-duns12-03.blt,6,DDDD,1,1
e-duns12-ballots/e-duns12-04.blt,5,CCC,1,1
e-duns12-ballots/e-duns12-05.blt,5,EEE,1,1
e-duns12-ballots/e-duns12-06.blt,6,CCCC,1,1
e-duns12-ballots/e-duns12-07.blt,4,BB,1,1
e-duns12-ballots/e-duns12-08.blt,7,DDDDD,1,1
e-duns17-ballots/e-duns17-01.blt,6,BBBB,1,1
e-duns17-ballots/e-duns17-02.blt,6,BBBB,1,1
e-duns17-ballots/e-duns17-03.blt,6,CCCC,1,1
e-duns17-ballots/e-duns17-04.blt,7,DDDBB,2,3
e-duns17-ballots/e-duns17-05.blt,6,DFFF,2,3
e-duns17-ballots/e-duns17-06.blt,8,CCCCCC,1,1
e-duns17-ballots/e-duns17-07.blt,7,AAAAA,1,1
e-duns22-ballots/ward1.csv,6,DDDD,1,1
e-duns22-ballots/ward2.csv,6,AAAA,1,1
e-duns22-ballots/ward3.csv,7,FFFFF,1,1
e-duns22-ballots/ward4.csv,8,AAAAAA,1,1
e-duns22-ballots/ward5.csv,6,DEEE,2,3
e-duns22-ballots/ward6.csv,6,CAAA,2,3
e-duns22-ballots/ward7.csv,5,CAA,2,3
e-lothian12-ballots/e-lothian12-01.blt,7,EEEEE,1,1
e-lothian12-ballots/e-lothian12-02.blt,5,DDD,1,1
e-lothian12-ballots/e-lothian12-03.blt,7,CCCCC,1,1
e-lothian12-ballots/e-lothian12-04.blt,7,DDDDD,1,1
e-lothian12-ballots/e-lothian12-05.blt,6,BBBB,1,1
e-lothian12-ballots/e-lothian12-06.blt,6,DDDD,1,1
e-lothian12-ballots/e-lothian12-07.blt,6,DDDD,1,1
e-lothian17-ballots/e-lothian17-01.blt,9,BBBBBBB,1,1
e-lothian17-ballots/e-lothian17-02.blt,8,DDDDDD,1,1
e-lothian17-ballots/e-lothian17-03.blt,8,AAAAAA,1,1
e-lothian17-ballots/e-lothian17-04.blt,6,AAAA,1,1
e-lothian17-ballots/e-lothian17-05.blt,7,CCCCC,1,1
e-lothian17-ballots/e-lothian17-06.blt,6,CCCC,1,1
e-lothian22/Ward1.blt,9,DDDDDDD,1,1
e-lothian22/Ward2.blt,8,HHHHHH,1,1
e-lothian22/Ward3.blt,9,AAAAAAA,1,1
e-lothian22/Ward4.blt,8,EGGGGG,2,3
e-lothian22/Ward5.blt,9,AAAAAAA,1,1
e-lothian22/Ward6.blt,7,DDDDD,1,1
e-renfs12-ballots/e-renfs12-01.blt,9,BCCCCCC,2,3
e-renfs12-ballots/e-renfs12-02.blt,8,BBBBBB,1,1
e-renfs12-ballots/e-renfs12-03.blt,5,AAA,1,1
e-renfs12-ballots/e-renfs12-04.blt,5,EEE,1,1
e-renfs12-ballots/e-renfs12-05.blt,7,GGGGG,1,1
e-renfs12-ballots/e-renfs12-06.blt,6,DDDD,1,1
e-renfs17-ballots/e-renfs17-1.blt,8,EEEEEE,1,1
e-renfs17-ballots/e-renfs17-2.blt,9,CCCCCCC,1,1
e-renfs17-ballots/e-renfs17-3.blt,9,IIIIIII,1,1
e-renfs17-ballots/e-renfs17-4.blt,11,GGGGGGGGG,1,1
e-renfs17-ballots/e-renfs17-5.blt,8,HHHHHH,1,1
e-renfs22 (pdfs)/ward1_copy.csv,8,EEEEEE,1,1
e-renfs22 (pdfs)/ward2_copy.csv,8,AAAAAA,1,1
e-renfs22 (pdfs)/ward3_copy.csv,7,BBBBB,1,1
e-renfs22 (pdfs)/ward4_copy.csv,10,CCCCCCCC,1,1
e-renfs22 (pdfs)/ward5_copy.csv,9,CCCCCCC,1,1
edinburgh12-ballots/edinburgh12-01.blt,7,GGGGG,1,1
edinburgh12-ballots/edinburgh12-02.blt,7,DDDDD,1,1
edinburgh12-ballots/edinburgh12-03.blt,8,FFFFFF,1,1
edinburgh12-ballots/edinburgh12-04.blt,9,BBBBBBB,1,1
edinburgh12-ballots/edinburgh12-05.blt,7,DDDDD,1,1
edinburgh12-ballots/edinburgh12-06.blt,6,BBBB,1,1
edinburgh12-ballots/edinburgh12-07.blt,7,FFFFF,1,1
edinburgh12-ballots/edinburgh12-08.blt,7,FFFFF,1,1
edinburgh12-ballots/edinburgh12-09.blt,6,BBBB,1,1
edinburgh12-ballots/edinburgh12-10.blt,7,FFFFF,1,1
edinburgh12-ballots/edinburgh12-11.blt,6,FFFF,1,1
edinburgh12-ballots/edinburgh12-12.blt,11,AAAAAAAAA,1,1
edinburgh12-ballots/edinburgh12-13.blt,7,EEEEE,1,1
edinburgh12-ballots/edinburgh12-14.blt,8,GGGGGG,1,1
edinburgh12-ballots/edinburgh12-15.blt,8,BBBBBB,1,1
edinburgh12-ballots/edinburgh12-16.blt,8,AAAAAA,1,1
edinburgh12-ballots/edinburgh12-17.blt,8,BBBBBB,1,1
edinburgh17-ballots/edinburgh17-01.blt,10,DDDDDDDD,1,1
edinburgh17-ballots/edinburgh17-02.blt,7,AAAAA,1,1
edinburgh17-ballots/edinburgh17-03.blt,5,AAA,1,1
edinburgh17-ballots/edinburgh17-04.blt,8,AAAAAA,1,1
edinburgh17-ballots/edinburgh17-05.blt,8,EEFFFF,2,3
edinburgh17-ballots/edinburgh17-06.blt,7,BBBBB,1,1
edinburgh17-ballots/edinburgh17-07.blt,9,BBBBBBB,1,1
edinburgh17-ballots/edinburgh17-08.blt,6,EEEE,1,1
edinburgh17-ballots/edinburgh17-09.blt,6,AAAA,1,1
edinburgh17-ballots/edinburgh17-10.blt,6,DDDD,1,1
edinburgh17-ballots/edinburgh17-11.blt,6,BBBB,1,1
edinburgh17-ballots/edinburgh17-12.blt,10,HHHHHHHH,1,1
edinburgh17-ballots/edinburgh17-13.blt,5,CCC,1,1
edinburgh17-ballots/edinburgh17-14.blt,8,AAAAAA,1,1
edinburgh17-ballots/edinburgh17-15.blt,5,AAA,1,1
edinburgh17-ballots/edinburgh17-16.blt,7,AAAAA,1,1
edinburgh17-ballots/edinburgh17-17.blt,7,DDDDD,1,1
edinburgh22/ward1.blt,9,FFFFFFF,1,1
edinburgh22/ward10.blt,7,EEEEE,1,1
edinburgh22/ward11.blt,13,GGGGGGGGGGG,1,1
edinburgh22/ward12.blt,12,IIIIIIIIII,1,1
edinburgh22/ward13.blt,8,FFFFFF,1,1
edinburgh22/ward14.blt,6,AAAA,1,1
edinburgh22/ward15.blt,5,ADD,2,3
edinburgh22/ward16.blt,10,AAAAAAAA,1,1
edinburgh22/ward17.blt,9,AAAAAAA,1,1
edinburgh22/ward2.blt,9,AADDDDD,2,3
edinburgh22/ward3.blt,8,AAAAAA,1,1
edinburgh22/ward4.blt,8,DDDDDD,1,1
edinburgh22/ward5.blt,10,IIIIIIII,1,1
edinburgh22/ward6.blt,7,AAAAA,1,1
edinburgh22/ward7.blt,8,BBBBBB,1,1
edinburgh22/ward8.blt,7,AAAAA,1,1
edinburgh22/ward9.blt,7,GGGGG,1,1
eilean-siar12-ballots/eilean-siar12-01.blt,11,IIIIIIIII,1,1
eilean-siar12-ballots/eilean-siar12-02.blt,6,DDDD,1,1
eilean-siar12-ballots/eilean-siar12-03.blt,4,AA,1,1
eilean-siar12-ballots/eilean-siar12-04.blt,7,FFFFF,1,1
eilean-siar12-ballots/eilean-siar12-05.blt,7,GCCCC,2,3
eilean-siar12-ballots/eilean-siar12-06.blt,7,GGGGG,1,1
eilean-siar12-ballots/eilean-siar12-07.blt,10,FFFFFFFF,1,1
eilean-siar12-ballots/eilean-siar12-08.blt,5,AEE,2,3
eilean-siar12-ballots/eilean-siar12-09.blt,6,EEEE,1,1
eilean-siar17-ballots/eilean-siar17-01.blt,8,FFFFFF,1,1
eilean-siar17-ballots/eilean-siar17-02.blt,8,GGGGGG,1,1
eilean-siar17-ballots/eilean-siar17-03.blt,9,AAAAAAA,1,1
eilean-siar17-ballots/eilean-siar17-04.blt,4,DD,1,1
eilean-siar17-ballots/eilean-siar17-05.blt,6,CCCC,1,1
eilean-siar17-ballots/eilean-siar17-06.blt,8,HHHHHH,1,1
eilean-siar17-ballots/eilean-siar17-07.blt,5,ECC,2,3
eilean-siar17-ballots/eilean-siar17-08.blt,6,AAAA,1,1
eilean-siar17-ballots/eilean-siar17-09.blt,6,CCCC,1,1
eilean-siar22/ward_03_preferenceprofile.txt,3,B,1,1
eilean-siar22/ward_04_preferenceprofile.txt,3,B,1,1
eilean-siar22/ward_05_preferenceprofile.txt,4,CC,1,1
eilean-siar22/ward02_preferenceprofile.txt,8,FFFFFF,1,1
eilean-siar22/ward07_preferenceprofile.txt,6,CCCC,1,1
eilean-siar22/ward08_preferenceprofile.txt,5,AAA,1,1
eilean-siar22/ward09_preferenceprofile.txt,10,DDDDDDDD,1,1
eilean-siar22/ward10_preferenceprofile.txt,7,GGGGG,1,1
falkirk12-ballots/falkirk12-01.blt,5,DDD,1,1
falkirk12-ballots/falkirk12-02.blt,8,BBBBBB,1,1
falkirk12-ballots/falkirk12-03.blt,8,FFFFFF,1,1
falkirk12-ballots/falkirk12-04.blt,5,DDD,1,1
falkirk12-ballots/falkirk12-05.blt,6,BBBB,1,1
falkirk12-ballots/falkirk12-06.blt,5,AAA,1,1
falkirk12-ballots/falkirk12-07.blt,7,BBBBB,1,1
falkirk12-ballots/falkirk12-08.blt,4,CC,1,1
falkirk12-ballots/falkirk12-09.blt,5,BBB,1,1
falkirk17-ballots/falkirk17-01.blt,6,FFFF,1,1
falkirk17-ballots/falkirk17-02.blt,6,AAAA,1,1
falkirk17-ballots/falkirk17-03.blt,10,DDDDDDDD,1,1
falkirk17-ballots/falkirk17-04.blt,7,BBBBB,1,1
falkirk17-ballots/falkirk17-05.blt,6,BBBB,1,1
falkirk17-ballots/falkirk17-06.blt,6,AAAA,1,1
falkirk17-ballots/falkirk17-07.blt,4,AA,1,1
falkirk17-ballots/falkirk17-08.blt,8,FFFFFF,1,1
falkirk17-ballots/falkirk17-09.blt,7,DDDDD,1,1
falkirk22/ward1.csv,6,FFFF,1,1
falkirk22/ward2.csv,8,AAAAAA,1,1
falkirk22/ward3.csv,7,BBBBB,1,1
falkirk22/ward4.csv,7,BBBBB,1,1
falkirk22/ward5.csv,6,AAAA,1,1
falkirk22/ward6.csv,7,FFFFF,1,1
falkirk22/ward7.csv,6,AAAA,1,1
falkirk22/ward8.csv,7,CCCCC,1,1
falkirk22/ward9.csv,9,GGGGGGG,1,1
fife12-ballots/fife12-01.blt,8,BBBBBB,1,1
fife12-ballots/fife12-02.blt,5,CCC,1,1
fife12-ballots/fife12-03.blt,7,CCCCC,1,1
fife12-ballots/fife12-04.blt,7,FFFFF,1,1
fife12-ballots/fife12-05.blt,8,AAAAAA,1,1
fife12-ballots/fife12-06.blt,7,DDDDD,1,1
fife12-ballots/fife12-07.blt,6,FFFF,1,1
fife12-ballots/fife12-08.blt,6,DDDD,1,1
fife12-ballots/fife12-09.blt,5,BBB,1,1
fife12-ballots/fife12-10.blt,9,BBBBBBB,1,1
fife12-ballots/fife12-11.blt,7,AAAAA,1,1
fife12-ballots/fife12-12.blt,6,AAAA,1,1
fife12-ballots/fife12-13.blt,7,AAAAA,1,1
fife12-ballots/fife12-14.blt,10,CCCCCCCC,1,1
fife12-ballots/fife12-15.blt,8,CBBBBB,2,3
fife12-ballots/fife12-16.blt,7,FFBFF,2,3
fife12-ballots/fife12-17.blt,7,BBBBB,1,1
fife12-ballots/fife12-18.blt,5,AAA,1,1
fife12-ballots/fife12-19.blt,9,DDDDDDD,1,1
fife12-ballots/fife12-20.blt,6,DDDD,1,1
fife12-ballots/fife12-21.blt,5,EEE,1,1
fife12-ballots/fife12-22.blt,8,DBBBBB,2,3
fife12-ballots/fife12-23.blt,9,AAAAAAA,1,1
fife17-ballots/fife17-01.blt,8,BBBBBB,1,1
fife17-ballots/fife17-02.blt,7,CGGGG,2,3
fife17-ballots/fife17-03.blt,9,CHHHHHH,2,3
fife17-ballots/fife17-04.blt,7,GGGGG,1,1
fife17-ballots/fife17-05.blt,9,GGGGGGG,1,1
fife17-ballots/fife17-06.blt,7,CCCCC,1,1
fife17-ballots/fife17-07.blt,7,CCCCC,1,1
fife17-ballots/fife17-08.blt,7,AAAAA,1,1
fife17-ballots/fife17-09.blt,10,AAAAAAAA,1,1
fife17-ballots/fife17-10.blt,7,AAAAA,1,1
fife17-ballots/fife17-11.blt,9,AAAAAAA,1,1
fife17-ballots/fife17-12.blt,9,CCCCCCC,1,1
fife17-ballots/fife17-13.blt,8,EEEEEE,1,1
fife17-ballots/fife17-14.blt,9,CCCCCCC,1,1
fife17-ballots/fife17-15.blt,10,IIIIIIII,1,1
fife17-ballots/fife17-16.blt,7,EEEEE,1,1
fife17-ballots/fife17-17.blt,7,AAAAA,1,1
fife17-ballots/fife17-18.blt,10,CCCCCCCC,1,1
fife17-ballots/fife17-19.blt,7,GGGGG,1,1
fife17-ballots/fife17-20.blt,6,BBBB,1,1
fife17-ballots/fife17-21.blt,8,BBBBBB,1,1
fife17-ballots/fife17-22.blt,10,FFFFFFFF,1,1
fife22/PreferenceProfile_V0001_Ward-1-West-Fife-and-Coastal-Villages_06052022_145537.blt,10,BBBBBBBB,1,1
fife22/PreferenceProfile_V0001_Ward-10-Kirkcaldy-North_06052022_151928.blt,8,FFFFFF,1,1
fife22/PreferenceProfile_V0001_Ward-11-Kirkcaldy-Central_06052022_145551.blt,7,BBDDD,2,3
fife22/PreferenceProfile_V0001_Ward-12-Kirkcaldy-East_06052022_151925.blt,8,AAAAAA,1,1
fife22/PreferenceProfile_V0001_Ward-13-Glenrothes-West-and-Kinglassie_06052022_145551.blt,6,CCCC,1,1
fife22/PreferenceProfile_V0001_Ward-14-Glenrothes-North-Leslie-and-Markinch_06052022_151925.blt,8,AAAAAA,1,1
fife22/PreferenceProfile_V0001_Ward-15-Glenrothes-Central-and-Thornton_06052022_145551.blt,8,GGGGGG,1,1
fife22/PreferenceProfile_V0001_Ward-16-Howe-Of-Fife-and-Tay-Coast_06052022_151928.blt,7,FFFFF,1,1
fife22/PreferenceProfile_V0001_Ward-17-Tay-Bridgehead_06052022_145551.blt,8,GGGGGG,1,1
fife22/PreferenceProfile_V0001_Ward-18-St.-Andrews_06052022_151928.blt,6,EEEE,1,1
fife22/PreferenceProfile_V0001_Ward-19-East-Neuk-and-Landward_06052022_145551.blt,8,AAAAAA,1,1
fife22/PreferenceProfile_V0001_Ward-2-Dunfermline-North_06052022_151927.blt,8,GGGGGG,1,1
fife22/PreferenceProfile_V0001_Ward-20-Cupar_06052022_151928.blt,9,GGGGGGG,1,1
fife22/PreferenceProfile_V0001_Ward-21-Leven-Kennoway-and-Largo_06052022_145552.blt,8,AAAAAA,1,1
fife22/PreferenceProfile_V0001_Ward-22-Buckhaven-Methil-and-Wemyss-Villages_06052022_151928.blt,8,DDDDDD,1,1
fife22/PreferenceProfile_V0001_Ward-3-Dunfermline-Central_06052022_145551.blt,9,CAAAAAA,2,3
fife22/PreferenceProfile_V0001_Ward-4-Dunfermline-South_06052022_151924.blt,10,BBBEEEEE,2,3
fife22/PreferenceProfile_V0001_Ward-5-Rosyth_06052022_145544.blt,9,AAAAAAA,1,1
fife22/PreferenceProfile_V0001_Ward-6-Inverkeithing-and-Dalgety-Bay_06052022_151927.blt,8,AAAAAA,1,1
fife22/PreferenceProfile_V0001_Ward-7-Cowdenbeath_06052022_145532.blt,9,CCCCCCC,1,1
fife22/PreferenceProfile_V0001_Ward-8-Lochgelly-Cardenden-and-Benarty_06052022_151928.blt,8,BBBBBB,1,1
fife22/PreferenceProfile_V0001_Ward-9-Burntisland-Kinghorn-and-Western-Kirkcaldy_06052022_145551.blt,9,GGGGGGG,1,1
glasgow12/glasgow12-01.blt,9,BBBBBBB,1,1
glasgow12/glasgow12-02.blt,11,CCCCCCCCC,1,1
glasgow12/glasgow12-03.blt,11,BBBBBBBBB,1,1
glasgow12/glasgow12-04.blt,10,BBBBBBBB,1,1
glasgow12/glasgow12-05.blt,14,AAAAAAAAAAAA,1,1
glasgow12/glasgow12-06.blt,8,CCCCCC,1,1
glasgow12/glasgow12-07-recalc.blt,8,DDDDDD,1,1
glasgow12/glasgow12-07.blt,8,DDDDDD,1,1
glasgow12/glasgow12-08.blt,10,IIIIIIII,1,1
glasgow12/glasgow12-09.blt,13,IIIIIIIIIII,1,1
glasgow12/glasgow12-10.blt,11,CCCCCCCCC,1,1
glasgow12/glasgow12-11.blt,13,AAAAAAAAAAA,1,1
glasgow12/glasgow12-12.blt,13,EDDDDDDDDDD,2,3
glasgow12/glasgow12-13.blt,13,IAAAAAAAAAA,2,3
glasgow12/glasgow12-14.blt,11,BBBBBBBBB,1,1
glasgow12/glasgow12-15.blt,8,FFFFFF,1,1
glasgow12/glasgow12-16.blt,12,EEEEEEEEEE,1,1
glasgow12/glasgow12-17.blt,10,CCCCCCCC,1,1
glasgow12/glasgow12-18.blt,11,CCCCCCCCC,1,1
glasgow12/glasgow12-19.blt,10,BBBBBBBB,1,1
glasgow12/glasgow12-20.blt,10,BBBBBBBB,1,1
glasgow12/glasgow12-21.blt,9,BBBBBBB,1,1
glasgow17-ballots/glasgow17-001.blt,12,EGGGGGGGGG,2,3
glasgow17-ballots/glasgow17-002.blt,7,CCCCC,1,1
glasgow17-ballots/glasgow17-003.blt,10,EEEEEEEE,1,1
glasgow17-ballots/glasgow17-004.blt,10,BDDDDDDD,2,3
glasgow17-ballots/glasgow17-005.blt,10,DDDDDDDD,1,1
glasgow17-ballots/glasgow17-006.blt,8,CCCCCC,1,1
glasgow17-ballots/glasgow17-007.blt,9,AAAAAAA,1,1
glasgow17-ballots/glasgow17-008.blt,10,IFFFFFFF,2,3
glasgow17-ballots/glasgow17-009.blt,9,BBBBBBB,1,1
glasgow17-ballots/glasgow17-010.blt,9,AAAAAAA,1,1
glasgow17-ballots/glasgow17-011.blt,8,AAAGGG,2,3
glasgow17-ballots/glasgow17-012.blt,7,BBBBB,1,1
glasgow17-ballots/glasgow17-013.blt,10,BDDDDDDD,2,3
glasgow17-ballots/glasgow17-014.blt,10,BAAAAAAA,2,3
glasgow17-ballots/glasgow17-015.blt,7,DDDDD,1,1
glasgow17-ballots/glasgow17-016.blt,11,BBBBBBBBB,1,1
glasgow17-ballots/glasgow17-017.blt,10,FFFFFFFF,1,1
glasgow17-ballots/glasgow17-018.blt,9,DAAAAAA,2,3
glasgow17-ballots/glasgow17-019.blt,12,IIIIIIIIII,1,1
glasgow17-ballots/glasgow17-020.blt,9,AAAAAAA,1,1
glasgow17-ballots/glasgow17-021.blt,8,EEEBEE,2,3
glasgow17-ballots/glasgow17-022.blt,7,AAAAA,1,1
glasgow17-ballots/glasgow17-023.blt,7,DDDDD,1,1
glasgow22/Ward1.blt,9,BBBBBBB,1,1
glasgow22/Ward10.blt,10,BBBBBBBB,1,1
glasgow22/Ward11.blt,6,FFFF,1,1
glasgow22/Ward12.blt,6,CCCC,1,1
glasgow22/Ward13.blt,8,AAAAAA,1,1
glasgow22/Ward14.blt,10,AAAAAAAA,1,1
glasgow22/Ward15.blt,8,GGGGGG,1,1
glasgow22/Ward16.blt,10,BAAAAAAA,2,3
glasgow22/Ward17.blt,8,DDDDDD,1,1
glasgow22/Ward18.blt,11,EEEEEEEEE,1,1
glasgow22/Ward19.blt,8,DDDDDD,1,1
glasgow22/Ward2.blt,10,CAAAAAAA,2,3
glasgow22/Ward20.blt,7,EEEEE,1,1
glasgow22/Ward21.blt,8,AAAAAA,1,1
glasgow22/Ward22.blt,7,BBBBB,1,1
glasgow22/Ward23.blt,9,CCCCCCC,1,1
glasgow22/Ward3.blt,11,AAAAAAAAA,1,1
glasgow22/Ward4.blt,9,DDDDDDD,1,1
glasgow22/Ward5.blt,11,ABBBBBBBB,2,3
glasgow22/Ward6.blt,10,BBFFFFFF,2,3
glasgow22/Ward7.blt,9,BBBBBBB,1,1
glasgow22/Ward8.blt,10,AAAAAAAA,1,1
glasgow22/Ward9.blt,9,DBBBBBB,2,3
highland12-ballots/highland12-01.blt,9,AFFFFFF,2,3
highland12-ballots/highland12-02.blt,7,CCCCC,1,1
highland12-ballots/highland12-03.blt,5,CCC,1,1
highland12-ballots/highland12-04.blt,8,EEEEEE,1,1
highland12-ballots/highland12-05.blt,7,CCCCC,1,1
highland12-ballots/highland12-06.blt,7,AAAAA,1,1
highland12-ballots/highland12-07.blt,8,HHHHHH,1,1
highland12-ballots/highland12-08.blt,8,CCCCCC,1,1
highland12-ballots/highland12-09.blt,10,JJJJJJJJ,1,1
highland12-ballots/highland12-10.blt,10,BBBBBBBB,1,1
highland12-ballots/highland12-11.csv,7,CCCCC,1,1
highland12-ballots/highland12-12.blt,8,BBBBBB,1,1
highland12-ballots/highland12-13.blt,8,CCCCCC,1,1
highland12-ballots/highland12-14.blt,8,DHHHHH,2,3
highland12-ballots/highland12-15.blt,7,AAAAA,1,1
highland12-ballots/highland12-16.blt,7,AABBB,2,3
highland12-ballots/highland12-17.blt,6,BBBB,1,1
highland12-ballots/highland12-18.blt,9,AAAAAAA,1,1
highland12-ballots/highland12-19.blt,8,FFFFFF,1,1
highland12-ballots/highland12-20.blt,8,FDDDDD,2,3
highland12-ballots/highland12-21.blt,7,AAAAA,1,1
highland12-ballots/highland12-22.blt,8,DDAAAA,2,3
highland17-ballots/highland17-01.blt,8,DDDDDD,1,1
highland17-ballots/highland17-02.blt,9,GGGGGGG,1,1
highland17-ballots/highland17-03.blt,9,EEEEEEE,1,1
highland17-ballots/highland17-04.blt,7,DDDDD,1,1
highland17-ballots/highland17-05.blt,8,CBBBBB,2,3
highland17-ballots/highland17-06.blt,9,IIIIIII,1,1
highland17-ballots/highland17-07.blt,6,DDDD,1,1
highland17-ballots/highland17-08.blt,7,DFFFF,2,3
highland17-ballots/highland17-09.blt,7,CAAAA,2,3
highland17-ballots/highland17-10.blt,12,BBBBBBBBBB,1,1
highland17-ballots/highland17-11.blt,7,BBBBB,1,1
highland17-ballots/highland17-12.blt,7,DDDDD,1,1
highland17-ballots/highland17-13.blt,7,DDDDD,1,1
highland17-ballots/highland17-14.blt,8,EEEEEE,1,1
highland17-ballots/highland17-15.blt,6,AAAA,1,1
highland17-ballots/highland17-16.blt,7,CCCCC,1,1
highland17-ballots/highland17-17.blt,8,BAAAAA,2,3
highland17-ballots/highland17-18.blt,10,EEEEEEEE,1,1
highland17-ballots/highland17-19.blt,8,EEEEEE,1,1
highland17-ballots/highland17-20.blt,8,FFFFFF,1,1
highland17-ballots/highland17-21.blt,7,BBBBB,1,1
highland22/PreferenceProfile_V0001_Aird_and_Loch_Ness_06052022_161539.blt,7,DDDDD,1,1
highland22/PreferenceProfile_V0001_Badenoch_and_Strathspey_06052022_161540.blt,8,FFFFFF,1,1
highland22/PreferenceProfile_V0001_Black_Isle_06052022_161539.blt,8,CCCDDD,2,3
highland22/PreferenceProfile_V0001_Cromarty_Firth_06052022_161538.blt,9,FFFFFFF,1,1
highland22/PreferenceProfile_V0001_Culloden_and_Ardersier_06052022_161539.blt,7,BBBBB,1,1
highland22/PreferenceProfile_V0001_Dingwall_and_Seaforth_06052022_161539.blt,7,DDDDD,1,1
highland22/PreferenceProfile_V0001_East_Sutherland_and_Edderton_06052022_161530.blt,5,CCC,1,1
highland22/PreferenceProfile_V0001_Eilean_a__Che___06052022_161539.blt,9,BBBBBBB,1,1
highland22/PreferenceProfile_V0001_Fort_William_and_Ardnamurchan_06052022_161540.blt,5,CCC,1,1
highland22/PreferenceProfile_V0001_Inverness_Central_06052022_161539.blt,10,BBBBBBBB,1,1
highland22/PreferenceProfile_V0001_Inverness_Millburn_06052022_161539.blt,4,AB,2,2
highland22/PreferenceProfile_V0001_Inverness_Ness_side_06052022_161539.blt,7,AAAAA,1,1
highland22/PreferenceProfile_V0001_Inverness_South_06052022_161540.blt,7,DDDDD,1,1
highland22/PreferenceProfile_V0001_Inverness_West_06052022_161539.blt,9,EEEEEEE,1,1
highland22/PreferenceProfile_V0001_Nairn_and_Cawdor_06052022_161539.blt,8,BBBBBB,1,1
highland22/PreferenceProfile_V0001_North_West_and_Central_Sutherland_06052022_161534.blt,7,CCCCC,1,1
highland22/PreferenceProfile_V0001_Tain_and_Easter_Ross_06052022_161537.blt,5,DDD,1,1
highland22/PreferenceProfile_V0001_Thurso_and_Northwest_Caithness_06052022_161528.blt,6,CCCC,1,1
highland22/PreferenceProfile_V0001_Wester_Ross_Strathpeffer_and_Lochalsh_06052022_161539.blt,5,BBB,1,1
highland22/PreferenceProfile_V0001_Wick_and_East_Caithness_06052022_161532.blt,6,FFFF,1,1
inverclyde12-ballots/inverclyde12-01.blt,5,BBB,1,1
inverclyde12-ballots/inverclyde12-02.blt,6,CCCC,1,1
inverclyde12-ballots/inverclyde12-03.blt,7,AAAAA,1,1
inverclyde12-ballots/inverclyde12-04.blt,6,EEEE,1,1
inverclyde12-ballots/inverclyde12-05.blt,7,AAAAA,1,1
inverclyde12-ballots/inverclyde12-06.blt,7,CCCCC,1,1
inverclyde17-ballots/inverclyde17-01.blt,5,EEE,1,1
inverclyde17-ballots/inverclyde17-02.blt,6,EEEE,1,1
inverclyde17-ballots/inverclyde17-03.blt,6,CCCC,1,1
inverclyde17-ballots/inverclyde17-04.blt,7,AAAAA,1,1
inverclyde17-ballots/inverclyde17-05.blt,7,AAAAA,1,1
inverclyde17-ballots/inverclyde17-06.blt,7,DDDDD,1,1
inverclyde17-ballots/inverclyde17-07.blt,8,BBBBBB,1,1
inverclyde22/PreferenceProfile_Ward-2.blt,6,EEEE,1,1
inverclyde22/PreferenceProfile_Ward-3.blt,6,EEEE,1,1
inverclyde22/PreferenceProfile_Ward-4.blt,9,AAAAAAA,1,1
inverclyde22/PreferenceProfile_Ward-5.blt,7,DDDDD,1,1
inverclyde22/PreferenceProfile_Ward-6.blt,6,BBBB,1,1
inverclyde22/PreferenceProfile_Ward-7.blt,5,AAA,1,1
midlothian12-ballots/midlothian12-01_cleaned.csv,6,DDDD,1,1
midlothian12-ballots/midlothian12-02_cleaned.csv,7,EEEEE,1,1
midlothian12-ballots/midlothian12-03_cleaned.csv,7,AAAAA,1,1
midlothian12-ballots/midlothian12-04_cleaned.csv,9,BBBBBBB,1,1
midlothian12-ballots/midlothian12-05_cleaned.csv,7,AAAAA,1,1
midlothian12-ballots/midlothian12-06_cleaned.csv,5,CCC,1,1
midlothian17-ballots/midlothian17-01.blt,6,DEEE,2,3
midlothian17-ballots/midlothian17-02.blt,7,FFFFF,1,1
midlothian17-ballots/midlothian17-03.blt,7,CCCCC,1,1
midlothian17-ballots/midlothian17-04.blt,8,FFFFFF,1,1
midlothian17-ballots/midlothian17-05.blt,6,FDDD,2,3
midlothian17-ballots/midlothian17-06.blt,7,CCCCC,1,1
midlothian22/ward_1_penicuik_preference_profile_open_from_within_ms_word_or_similar.blt,7,DDDDD,1,1
midlothian22/ward_2_bonnyrigg_preference_profile_open_from_within_ms_word_or_similar.blt,4,CC,1,1
midlothian22/ward_3_dalkeith_preference_profile_open_from_within_ms_word_or_similar.blt,7,DDDDD,1,1
midlothian22/ward_4_midlothian_west_preference_profile_open_from_within_ms_word_or_similar.blt,7,CCCCC,1,1
midlothian22/ward_5_midlothian_east_preference_profile_open_from_within_ms_word_or_similar.blt,6,EEEE,1,1
midlothian22/ward_6_midlothian_south_dalkeith_preference_profile_open_from_within_ms_word_or_similar.blt,8,BBBBBB,1,1
moray12-ballots/moray12-01.blt,6,FFFF,1,1
moray12-ballots/moray12-02.blt,5,AAA,1,1
moray12-ballots/moray12-03.blt,5,CCC,1,1
moray12-ballots/moray12-04.blt,5,EEE,1,1
moray12-ballots/moray12-05.blt,7,DCCCC,2,3
moray12-ballots/moray12-06.blt,5,EEE,1,1
moray12-ballots/moray12-07.blt,4,BB,1,1
moray12-ballots/moray12-08.blt,10,AAAAAAAA,1,1
moray17-ballots/moray17-01.blt,4,DD,1,1
moray17-ballots/moray17-02.blt,5,BCC,2,3
moray17-ballots/moray17-03.blt,4,BC,2,2
moray17-ballots/moray17-04.blt,8,EEEEEE,1,1
moray17-ballots/moray17-05.blt,7,AAAAA,1,1
moray17-ballots/moray17-06.blt,6,BBBB,1,1
moray17-ballots/moray17-07.blt,4,DD,1,1
moray17-ballots/moray17-08.blt,7,CCCCC,1,1
moray22/file141884.txt,5,CCC,1,1
moray22/file141894.txt,5,CCC,1,1
moray22/file141896.txt,5,CCC,1,1
moray22/file141902.txt,6,AAAA,1,1
moray22/file141913.txt,6,FFFF,1,1
moray22/file141915.txt,6,CCCC,1,1
moray22/file141922.txt,6,BBBB,1,1
n-ayrshire12-ballots/n-ayrshire12-01.blt,9,BCCCCCC,2,3
n-ayrshire12-ballots/n-ayrshire12-02.blt,10,JJJJJJJJ,1,1
n-ayrshire12-ballots/n-ayrshire12-03.blt,11,BBBBBBBAB,2,2
n-ayrshire12-ballots/n-ayrshire12-04.blt,8,EEEEEE,1,1
n-ayrshire12-ballots/n-ayrshire12-05.blt,10,DBBBBBBB,2,3
n-ayrshire12-ballots/n-ayrshire12-06.blt,7,AAAAA,1,1
n-ayrshire12-ballots/n-ayrshire12-07.blt,8,BBBBBB,1,1
n-ayrshire12-ballots/n-ayrshire12-08.blt,6,CCCC,1,1
n-ayrshire17-ballots/n-ayrshire17-01.blt,7,AAAAA,1,1
n-ayrshire17-ballots/n-ayrshire17-02.blt,6,AAAA,1,1
n-ayrshire17-ballots/n-ayrshire17-03.blt,7,AAAAA,1,1
n-ayrshire17-ballots/n-ayrshire17-04.blt,8,CHHHHH,2,3
n-ayrshire17-ballots/n-ayrshire17-05.blt,7,CCCCC,1,1
n-ayrshire17-ballots/n-ayrshire17-06.blt,8,CAAAAA,2,3
n-ayrshire17-ballots/n-ayrshire17-07.blt,7,BEEEE,2,3
n-ayrshire17-ballots/n-ayrshire17-08.blt,6,CCCC,1,1
n-ayrshire17-ballots/n-ayrshire17-09.blt,7,EEEEE,1,1
n-ayrshire17-ballots/n-ayrshire17-10.blt,7,EEEEE,1,1
n-ayrshire22 (pdfs)/Preference-Profile-Ardrossan_copy.csv,7,BBBBB,1,1
n-ayrshire22 (pdfs)/Preference-Profile-Arran_copy.csv,6,AAAA,1,1
n-ayrshire22 (pdfs)/Preference-Profile-Garnock-Valley_copy.csv,11,CGGGGGGGG,2,3
n-ayrshire22 (pdfs)/Preference-Profile-Irvine-East_copy.csv,7,AAAAA,1,1
n-ayrshire22 (pdfs)/Preference-Profile-Irvine-South_copy.csv,7,EEEEE,1,1
n-ayrshire22 (pdfs)/Preference-Profile-Irvine-West_copy.csv,10,FFFFFFFF,1,1
n-ayrshire22 (pdfs)/Preference-Profile-Kilwinning_copy.csv,6,AAAA,1,1
n-ayrshire22 (pdfs)/Preference-Profile-North-Coast_copy.csv,12,AAAAAAAAAA,1,1
n-ayrshire22 (pdfs)/Preference-Profile-Saltcoats-and-Stevenston_copy.csv,8,GGGGGG,1,1
n-lanarks12-ballots/n-lanarks12-01.blt,6,BBBB,1,1
n-lanarks12-ballots/n-lanarks12-02.csv,8,CCBBBB,2,3
n-lanarks12-ballots/n-lanarks12-03.blt,8,AAAAAA,1,1
n-lanarks12-ballots/n-lanarks12-04.blt,6,CCCC,1,1
n-lanarks12-ballots/n-lanarks12-05.blt,7,AAAAA,1,1
n-lanarks12-ballots/n-lanarks12-06.blt,6,CCCC,1,1
n-lanarks12-ballots/n-lanarks12-07.blt,7,EDDDD,2,3
n-lanarks12-ballots/n-lanarks12-08.blt,6,BBBB,1,1
n-lanarks12-ballots/n-lanarks12-09.blt,4,BB,1,1
n-lanarks12-ballots/n-lanarks12-10.blt,5,AAA,1,1
n-lanarks12-ballots/n-lanarks12-11.blt,8,CCCCCC,1,1
n-lanarks12-ballots/n-lanarks12-12.blt,6,EEEE,1,1
n-lanarks12-ballots/n-lanarks12-13.blt,4,AA,1,1
n-lanarks12-ballots/n-lanarks12-14.blt,6,AAAA,1,1
n-lanarks12-ballots/n-lanarks12-15.blt,6,BBBB,1,1
n-lanarks12-ballots/n-lanarks12-16.blt,5,BBB,1,1
n-lanarks12-ballots/n-lanarks12-17.blt,7,EEEEE,1,1
n-lanarks12-ballots/n-lanarks12-18.csv,9,AAAAAAA,1,1
n-lanarks12-ballots/n-lanarks12-19.blt,6,DDDD,1,1
n-lanarks12-ballots/n-lanarks12-20.blt,6,DDDD,1,1
n-lanarks17-ballots/n-lanarks17-001.blt,7,BBBBB,1,1
n-lanarks17-ballots/n-lanarks17-002.blt,10,EEEEEEEE,1,1
n-lanarks17-ballots/n-lanarks17-003.blt,9,CCCCCCC,1,1
n-lanarks17-ballots/n-lanarks17-004.blt,8,EEEEEE,1,1
n-lanarks17-ballots/n-lanarks17-005.blt,6,FFFF,1,1
n-lanarks17-ballots/n-lanarks17-006.blt,7,BBBBB,1,1
n-lanarks17-ballots/n-lanarks17-007.blt,8,CEEEEE,2,3
n-lanarks17-ballots/n-lanarks17-008.blt,8,FFFFFF,1,1
n-lanarks17-ballots/n-lanarks17-009.blt,8,CCCCCC,1,1
n-lanarks17-ballots/n-lanarks17-010.blt,5,AAA,1,1
n-lanarks17-ballots/n-lanarks17-011.blt,8,CCCCCC,1,1
n-lanarks17-ballots/n-lanarks17-012.blt,8,BBBBBB,1,1
n-lanarks17-ballots/n-lanarks17-013.blt,7,CCCCC,1,1
n-lanarks17-ballots/n-lanarks17-014.blt,5,BBB,1,1
n-lanarks17-ballots/n-lanarks17-015.blt,7,DDDDD,1,1
n-lanarks17-ballots/n-lanarks17-016.blt,5,DDD,1,1
n-lanarks17-ballots/n-lanarks17-017.blt,7,GGCCC,2,3
n-lanarks17-ballots/n-lanarks17-018.blt,6,CBBB,2,3
n-lanarks17-ballots/n-lanarks17-019.blt,12,GGGGGGGGGG,1,1
n-lanarks17-ballots/n-lanarks17-020.blt,9,CCCCCCC,1,1
n-lanarks17-ballots/n-lanarks17-021.blt,7,CCCCC,1,1
n-lanarks22/Preference Profile Ward 1 Kilsyth.csv,7,AAAAA,1,1
n-lanarks22/Preference Profile Ward 10 Coatbridge West.csv,6,CCCC,1,1
n-lanarks22/Preference Profile Ward 11 Coatbridge South.csv,7,BBBBB,1,1
n-lanarks22/Preference Profile Ward 12 Airdrie South.csv,5,AAA,1,1
n-lanarks22/Preference Profile Ward 13 Fortissat.csv,7,EEEEE,1,1
n-lanarks22/Preference Profile WArd 14 Thorniewood.csv,5,DDD,1,1
n-lanarks22/Preference Profile WArd 15 Bellshill.csv,7,CCCCC,1,1
n-lanarks22/Preference Profile Ward 16 Mossend and Holytown.csv,6,EEEE,1,1
n-lanarks22/Preference Profile Ward 17 Motherwell West.csv,6,AAAA,1,1
n-lanarks22/Preference Profile Ward 18 Motherwell North.csv,6,BBBB,1,1
n-lanarks22/Preference Profile Ward 19 Motherwell South East and Ravenscraig.csv,8,BBBBBB,1,1
n-lanarks22/Preference Profile Ward 2 Cumbernauld North.csv,8,FFFFFF,1,1
n-lanarks22/Preference Profile Ward 20 Murdostoun.csv,7,CCCCC,1,1
n-lanarks22/Preference Profile Ward 21 Wishaw.csv,5,BBB,1,1
n-lanarks22/Preference Profile Ward 3 Cumbernauld South.csv,9,HAAAAAA,2,3
n-lanarks22/Preference Profile WArd 4 Cumbernauld East.csv,8,AAAAAA,1,1
"n-lanarks22/Preference Profile Ward 5 Stepps, Chryston and Muirhead.csv",7,AADDD,2,3
"n-lanarks22/Preference Profile Ward 6 Gartcosh, Glenboig and Moodiesburn.csv",6,CCCC,1,1
n-lanarks22/Preference Profile WArd 7 Coatbridge North.csv,9,BBBBBBB,1,1
n-lanarks22/Preference Profile Ward 8 Airdrie North.csv,8,BBBBBB,1,1
n-lanarks22/Preference Profile WArd 9 Airdrie Central.csv,6,CAAA,2,3
orkney12-ballots/orkney12-01.blt,8,AAAAAA,1,1
orkney12-ballots/orkney12-02.blt,11,GGGGGGGGG,1,1
orkney12-ballots/orkney12-03.blt,7,FFFFF,1,1
orkney12-ballots/orkney12-04.blt,9,DDDDDDD,1,1
orkney12-ballots/orkney12-05.blt,7,EEEEE,1,1
orkney12-ballots/orkney12-06.blt,4,BB,1,1
orkney17-ballots/orkney17-01.blt,8,DDDDDD,1,1
orkney17-ballots/orkney17-02.blt,7,EEEEE,1,1
orkney17-ballots/orkney17-04.blt,7,AAAAA,1,1
orkney17-ballots/orkney17-05.blt,5,BBB,1,1
orkney17-ballots/orkney17-06.blt,8,EEEEEE,1,1
orkney22/ward1.blt,5,BBB,1,1
orkney22/ward2.blt,8,EEEEEE,1,1
orkney22/ward3.blt,6,EEEE,1,1
orkney22/ward4.blt,6,DDDD,1,1
orkney22/ward5.blt,5,CCC,1,1
orkney22/ward6.blt,5,EEE,1,1
perth-kinross12-ballots/perth-kinross12-01.blt,5,EEE,1,1
perth-kinross12-ballots/perth-kinross12-02.blt,7,CCCCC,1,1
perth-kinross12-ballots/perth-kinross12-03.blt,5,AAA,1,1
perth-kinross12-ballots/perth-kinross12-04.blt,7,DDDDD,1,1
perth-kinross12-ballots/perth-kinross12-05.blt,5,CCC,1,1
perth-kinross12-ballots/perth-kinross12-06.blt,6,BBBB,1,1
perth-kinross12-ballots/perth-kinross12-07.blt,5,CCC,1,1
perth-kinross12-ballots/perth-kinross12-08.blt,9,IIIIIII,1,1
perth-kinross12-ballots/perth-kinross12-09.blt,6,AAAA,1,1
perth-kinross12-ballots/perth-kinross12-10.blt,8,HHHHHH,1,1
perth-kinross12-ballots/perth-kinross12-11.blt,7,CCCCC,1,1
perth-kinross12-ballots/perth-kinross12-12.blt,8,BBBBBB,1,1
perth-kinross17-ballots/perth-kinross17-01.blt,6,CCCC,1,1
perth-kinross17-ballots/perth-kinross17-02.blt,7,CCCCC,1,1
perth-kinross17-ballots/perth-kinross17-03.blt,6,FFFF,1,1
perth-kinross17-ballots/perth-kinross17-04.blt,6,AAAA,1,1
perth-kinross17-ballots/perth-kinross17-05.blt,7,CCCCC,1,1
perth-kinross17-ballots/perth-kinross17-06.blt,8,FFAAAA,2,3
perth-kinross17-ballots/perth-kinross17-07.blt,8,EEEEEE,1,1
perth-kinross17-ballots/perth-kinross17-08.blt,8,EEEEFF,2,3
perth-kinross17-ballots/perth-kinross17-09.blt,6,BBBB,1,1
perth-kinross17-ballots/perth-kinross17-10.blt,8,HHHHHH,1,1
perth-kinross17-ballots/perth-kinross17-11.blt,8,CCCCCC,1,1
perth-kinross17-ballots/perth-kinross17-12.blt,8,AAAAAA,1,1
perth-kinross22 (pdfs)/Ward1.csv,8,AAAAAA,1,1
perth-kinross22 (pdfs)/Ward10.csv,7,AAAAA,1,1
perth-kinross22 (pdfs)/Ward11.csv,7,DDDDD,1,1
perth-kinross22 (pdfs)/Ward12.csv,9,CCCCCCC,1,1
perth-kinross22 (pdfs)/Ward2.csv,7,FFFFF,1,1
perth-kinross22 (pdfs)/Ward3.csv,9,IIIIIII,1,1
perth-kinross22 (pdfs)/Ward4.csv,8,HHHHHH,1,1
perth-kinross22 (pdfs)/Ward5.csv,5,DDD,1,1
perth-kinross22 (pdfs)/Ward6.csv,6,AAAA,1,1
perth-kinross22 (pdfs)/Ward7.csv,6,AAAA,1,1
perth-kinross22 (pdfs)/Ward8.csv,8,FFFFFF,1,1
perth-kinross22 (pdfs)/Ward9.csv,6,CCCC,1,1
renfs12-ballots/renfs12-01.blt,7,FFFFF,1,1
renfs12-ballots/renfs12-02.blt,7,CCCCC,1,1
renfs12-ballots/renfs12-03.blt,7,FFFFF,1,1
renfs12-ballots/renfs12-04.blt,8,CCCCCC,1,1
renfs12-ballots/renfs12-05.blt,8,AAAAAA,1,1
renfs12-ballots/renfs12-06.blt,7,EEEEE,1,1
renfs12-ballots/renfs12-07.blt,8,GGGGGG,1,1
renfs12-ballots/renfs12-08.blt,8,BBBBBB,1,1
renfs12-ballots/renfs12-09.blt,7,BBBBB,1,1
renfs12-ballots/renfs12-10.blt,6,AAAA,1,1
renfs12-ballots/renfs12-11.blt,7,BBBBB,1,1
renfs17-ballots/renfs17-01.blt,8,FFAAAA,2,3
renfs17-ballots/renfs17-02.blt,7,EEEEE,1,1
renfs17-ballots/renfs17-03.blt,9,AAAAAAA,1,1
renfs17-ballots/renfs17-04.blt,10,EEEEEEEE,1,1
renfs17-ballots/renfs17-05.blt,7,EEEEE,1,1
renfs17-ballots/renfs17-06.blt,9,DDDDDDD,1,1
renfs17-ballots/renfs17-07.blt,7,BBBBB,1,1
renfs17-ballots/renfs17-08.blt,7,CCCCC,1,1
renfs17-ballots/renfs17-09.blt,10,BBBBBBBB,1,1
renfs17-ballots/renfs17-10.blt,7,AAAAA,1,1
renfs17-ballots/renfs17-11.blt,5,DDD,1,1
renfs17-ballots/renfs17-12.blt,9,IIIIIII,1,1
renfs22/Preference_profile_for_Ward_10_Houston_Crosslee_and_Linwood_copy.csv,5,AAA,1,1
renfs22/Preference_profile_for_Ward_11_Bishopton_Bridge_of_Weir_and_Langbank_copy.csv,5,AAA,1,1
renfs22/Preference_profile_for_Ward_12_Erskine_and_Inchinnan_copy.csv,6,EEEE,1,1
renfs22/Preference_profile_for_Ward_2_Renfrew_South_and_Gallowhill_copy.csv,5,CCC,1,1
renfs22/Preference_profile_for_Ward_4_Paisley_Northwest_copy.csv,11,DDDDDDDDD,1,1
renfs22/Preference_profile_for_Ward_5_Paisley_East_and_Central_copy.csv,7,EEEEE,1,1
renfs22/Preference_profile_for_Ward_6_Paisley_Southeast_copy.csv,9,DDDDDDD,1,1
renfs22/Preference_profile_for_Ward_7_Paisley_Southwest_copy.csv,7,AAAAA,1,1
renfs22/Preference_profile_for_Ward_8_Johnstone_South_and_Elderslie_copy.csv,6,BBBB,1,1
renfs22/Preference_profile_for_Ward_9_Johnstone_North_Kilbarchan_Howwood_and_Lochwinnoch_copy.csv,8,GAAAAA,2,3
s-ayrshire12-ballots/s-ayrshire12-01.blt,6,BBBB,1,1
s-ayrshire12-ballots/s-ayrshire12-02.blt,6,BBBB,1,1
s-ayrshire12-ballots/s-ayrshire12-03.blt,5,BBB,1,1
s-ayrshire12-ballots/s-ayrshire12-04.blt,7,CCCCC,1,1
s-ayrshire12-ballots/s-ayrshire12-05.blt,7,CCCCC,1,1
s-ayrshire12-ballots/s-ayrshire12-06.blt,4,BB,1,1
s-ayrshire12-ballots/s-ayrshire12-07.blt,5,AAA,1,1
s-ayrshire12-ballots/s-ayrshire12-08.blt,4,AA,1,1
s-ayrshire17-ballots/s-ayrshire17-01.blt,6,AAAA,1,1
s-ayrshire17-ballots/s-ayrshire17-02.blt,6,BBBB,1,1
s-ayrshire17-ballots/s-ayrshire17-03.blt,6,AAAA,1,1
s-ayrshire17-ballots/s-ayrshire17-04.blt,5,CCC,1,1
s-ayrshire17-ballots/s-ayrshire17-05.blt,7,DDDDD,1,1
s-ayrshire17-ballots/s-ayrshire17-06.blt,4,DD,1,1
s-ayrshire17-ballots/s-ayrshire17-07.blt,5,AAA,1,1
s-ayrshire17-ballots/s-ayrshire17-08.blt,6,AAAA,1,1
s-ayrshire22/PreferenceProfile_V0001_Ward-1---Troon_06052022_142627.csv,8,EEEEEE,1,1
s-ayrshire22/PreferenceProfile_V0001_Ward-2---Prestwick_06052022_142624.csv,8,BBBCCC,2,3
s-ayrshire22/PreferenceProfile_V0001_Ward-4---Ayr-East_06052022_142626.csv,9,CCCCCCC,1,1
s-ayrshire22/PreferenceProfile_V0001_Ward-5---Ayr-West_06052022_142628.csv,9,BBBBBBB,1,1
s-ayrshire22/PreferenceProfile_V0001_Ward-6---Kyle_06052022_142627.csv,6,CCCC,1,1
s-ayrshire22/PreferenceProfile_V0001_Ward-7---Maybole-North-Carrick-and-Coylton_06052022_142628.csv,6,CCCC,1,1
s-ayrshire22/PreferenceProfile_V0001_Ward-8---Girvan-and-South-Carrick_06052022_142628.csv,7,AAAAA,1,1
s-ayrshire22/PreferenceProfile_V0009_Ward-3---Ayr-North_10052022_111313.csv,8,AAAAAA,1,1
s-lanarks12-ballots/s-lanarks12-01.blt,9,DDDDDDD,1,1
s-lanarks12-ballots/s-lanarks12-02.blt,6,BBBB,1,1
s-lanarks12-ballots/s-lanarks12-03.blt,6,BBBB,1,1
s-lanarks12-ballots/s-lanarks12-04.blt,6,BBBB,1,1
s-lanarks12-ballots/s-lanarks12-05.blt,11,CCCCCCCCC,1,1
s-lanarks12-ballots/s-lanarks12-06.blt,8,AAAAAA,1,1
s-lanarks12-ballots/s-lanarks12-07.blt,6,BBBB,1,1
s-lanarks12-ballots/s-lanarks12-08.blt,8,DDDDDD,1,1
s-lanarks12-ballots/s-lanarks12-09.blt,6,FFFF,1,1
s-lanarks12-ballots/s-lanarks12-10.blt,6,BBBB,1,1
s-lanarks12-ballots/s-lanarks12-11.blt,6,EEEE,1,1
s-lanarks12-ballots/s-lanarks12-12.blt,7,DDDDD,1,1
s-lanarks12-ballots/s-lanarks12-13.blt,6,BBBB,1,1
s-lanarks12-ballots/s-lanarks12-14.blt,6,AAAA,1,1
s-lanarks12-ballots/s-lanarks12-15.blt,10,BBBBBBBB,1,1
s-lanarks12-ballots/s-lanarks12-16.blt,4,CC,1,1
s-lanarks12-ballots/s-lanarks12-17.blt,7,FFFFF,1,1
s-lanarks12-ballots/s-lanarks12-18.blt,7,AAAAA,1,1
s-lanarks12-ballots/s-lanarks12-19.blt,7,DDDDD,1,1
s-lanarks12-ballots/s-lanarks12-20.blt,6,AAAA,1,1
s-lanarks17-ballots/s-lanarks17-01.blt,8,AAAAAA,1,1
s-lanarks17-ballots/s-lanarks17-02.blt,7,FFFFF,1,1
s-lanarks17-ballots/s-lanarks17-03.blt,8,AAAAAA,1,1
s-lanarks17-ballots/s-lanarks17-04.blt,9,CCCCCCC,1,1
s-lanarks17-ballots/s-lanarks17-05.blt,8,AAAAAA,1,1
s-lanarks17-ballots/s-lanarks17-06.blt,8,AAAAAA,1,1
s-lanarks17-ballots/s-lanarks17-07.blt,7,AAAAA,1,1
s-lanarks17-ballots/s-lanarks17-08.blt,8,CCCCCC,1,1
s-lanarks17-ballots/s-lanarks17-09.blt,7,AAAAA,1,1
s-lanarks17-ballots/s-lanarks17-10.blt,8,DDDDDD,1,1
s-lanarks17-ballots/s-lanarks17-11.blt,6,AAAA,1,1
s-lanarks17-ballots/s-lanarks17-12.blt,7,BBBBB,1,1
s-lanarks17-ballots/s-lanarks17-13.blt,8,AHHHHH,2,3
s-lanarks17-ballots/s-lanarks17-14.blt,8,AAAAAA,1,1
s-lanarks17-ballots/s-lanarks17-15.blt,8,FFFFFF,1,1
s-lanarks17-ballots/s-lanarks17-16.blt,6,CCCC,1,1
s-lanarks17-ballots/s-lanarks17-17.blt,8,CGGGGG,2,3
s-lanarks17-ballots/s-lanarks17-18.blt,7,AABBB,2,3
s-lanarks17-ballots/s-lanarks17-19.blt,7,FCCCC,2,3
s-lanarks17-ballots/s-lanarks17-20.blt,9,CCCCCCC,1,1
s-lanarks22/ward_1_clydesdale_west_preference_profile.txt,7,DDDDD,1,1
s-lanarks22/ward_10_east_kilbride_east_preference_profile.txt,7,AAAAA,1,1
s-lanarks22/ward_11_rutherglen_south_preference_profile.txt,7,AAAAA,1,1
s-lanarks22/ward_12_rutherglen_central_and_north_preference_profile.txt,7,EEEEE,1,1
s-lanarks22/ward_13_cambuslang_west_preference_profile.txt,6,FFFF,1,1
s-lanarks22/ward_14_cambuslang_east_preference_profile.txt,8,BBBBBB,1,1
s-lanarks22/ward_15_blantyre_preference_profile.txt,7,EEEEE,1,1
s-lanarks22/ward_16_bothwell_and_uddingston_preference_profile.txt,6,CCCC,1,1
s-lanarks22/ward_17_hamilton_north_and_east_preference_profile.txt,6,DDDD,1,1
s-lanarks22/ward_18_hamilton_west_and_earnock_preference_profile.txt,7,AAAAA,1,1
s-lanarks22/ward_19_hamilton_south_preference_profile.txt,5,BBB,1,1
s-lanarks22/ward_2_clydesdale_north_preference_profile.txt,5,DDD,1,1
s-lanarks22/ward_20_larkhall_preference_profile.txt,9,BBBBBBB,1,1
s-lanarks22/ward_3_clydesdale_east_preference_profile.txt,8,AAAAAA,1,1
s-lanarks22/ward_4_clydesdale_south_preference_profile.txt,8,CCCCCC,1,1
s-lanarks22/ward_5_avondale_and_stonehouse_preference_profile.txt,7,CCCCC,1,1
s-lanarks22/ward_6_east_kilbride_south_preference_profile.txt,9,AAAAAAA,1,1
s-lanarks22/ward_7_east_kilbride_central_south_preference_profile.txt,9,AAAAAAA,1,1
s-lanarks22/ward_8_east_kilbride_central_north_preference_profile.txt,7,DDDDD,1,1
s-lanarks22/ward_9_east_kilbride_west_preference_profile.txt,8,DDDDDD,1,1
sc-borders12-ballots/sc-borders12-01.blt,6,BBBB,1,1
sc-borders12-ballots/sc-borders12-02.blt,6,AAAA,1,1
sc-borders12-ballots/sc-borders12-03.blt,7,AAAAA,1,1
sc-borders12-ballots/sc-borders12-04.blt,6,CCCC,1,1
sc-borders12-ballots/sc-borders12-05.blt,6,CCCC,1,1
sc-borders12-ballots/sc-borders12-06.blt,5,DDD,1,1
sc-borders12-ballots/sc-borders12-07.blt,7,BBBBB,1,1
sc-borders12-ballots/sc-borders12-08.blt,8,HHHHHH,1,1
sc-borders12-ballots/sc-borders12-09.blt,7,BBBBB,1,1
sc-borders12-ballots/sc-borders12-10.blt,7,FFFFF,1,1
sc-borders12-ballots/sc-borders12-11.blt,7,DDDDD,1,1
sc-borders17/sc-borders17-01.blt,8,HHHHHH,1,1
sc-borders17/sc-borders17-02.blt,5,BBB,1,1
sc-borders17/sc-borders17-03.blt,8,DDDDDD,1,1
sc-borders17/sc-borders17-04.blt,9,BBBBBBB,1,1
sc-borders17/sc-borders17-05.blt,7,FFFFF,1,1
sc-borders17/sc-borders17-06.blt,6,AAAA,1,1
sc-borders17/sc-borders17-07.blt,7,DDDDD,1,1
sc-borders17/sc-borders17-08.blt,8,HHHHHH,1,1
sc-borders17/sc-borders17-09.blt,7,BBBBB,1,1
sc-borders17/sc-borders17-10.blt,6,CCCC,1,1
sc-borders17/sc-borders17-11.blt,4,AA,1,1
sc-borders22/Ward_1___Tweeddale_West___Preferene.csv,6,FBBB,2,3
sc-borders22/Ward_10___Preference.csv,6,DDDD,1,1
sc-borders22/Ward_11___Preference.csv,7,EEEEE,1,1
sc-borders22/Ward_2___Tweeddale_East___Preference.csv,7,CGGGG,2,3
sc-borders22/Ward_3___Preferences.csv,9,GGGGGGG,1,1
sc-borders22/Ward_4___Preference.csv,6,AAAA,1,1
sc-borders22/Ward_5___Preference.csv,7,DDDDD,1,1
sc-borders22/Ward_6__Preference.csv,7,BBBBB,1,1
sc-borders22/Ward_7___Preference.csv,8,CCCCCC,1,1
sc-borders22/Ward_8___Preference.csv,7,GGEEE,2,3
sc-borders22/Ward_9___Preference.csv,7,CCCCC,1,1
scottish by-elections/Aberdeen City Torry-Ferryhill Ward by election 2019.csv,7,FFFFF,1,1
scottish by-elections/Aberdeenshire 2020 by-election Ellon and District.csv,5,EEE,1,1
scottish by-elections/Aberdeenshire 2021 by-election East Garioch.csv,5,BBB,1,1
scottish by-elections/aberdeenshire by-election 2016 Banff and District.csv,3,C,1,1
scottish by-elections/aberdeenshire by-election 2016 inverurie and district.csv,4,CC,1,1
scottish by-elections/aberdeenshire by-election 2017 inverurie.csv,5,AAA,1,1
scottish by-elections/Argyll Bute by-election 2021 Lomond North.csv,4,AA,1,1
scottish by-elections/Argyll Bute by-election Isle of Bute 2021.csv,5,AAD,2,2
scottish by-elections/clackmannanshire 2019 by-election ward 3 central.csv,6,DDDD,1,1
scottish by-elections/East Lothian 2019 by-election Ward 5 haddington.csv,5,DDD,1,1
scottish by-elections/East Lothian 2022 by-election ward 2.blt,6,FFFF,1,1
scottish by-elections/edinburgh 2019 by-election Leith Walk.csv,11,HHHHHHHHH,1,1
scottish by-elections/Edinburgh 2021 by-election Ward 23 Partick East-Kelvindale_preference_profile_report_.csv,6,CDDD,2,3
scottish by-elections/edinburgh by-election 2015 Leith Walk.csv,10,HHHHHHHH,1,1
scottish by-elections/Falkirk 2018 by-election bonnybridge.csv,5,AAA,1,1
scottish by-elections/Falkirk 2021 by-election South.csv,4,DD,1,1
scottish by-elections/Glasgow by-election 2021 Ward 23 Partick East-Kelvindale.csv,6,CDDD,2,3
scottish by-elections/Highland 2021 by-election Aird Ward 3.csv,6,BBBB,1,1
scottish by-elections/Highland 2021 by-election Fort William.blt,7,BBBBB,1,1
scottish by-elections/highland 2021 by-election Inverness West.csv,7,AAAAA,1,1
scottish by-elections/Highland 2021 by-election Wick.csv,5,EEE,1,1
scottish by-elections/Perth Kinross 2015 by-election Ward 12.csv,5,CCC,1,1
scottish by-elections/Perth Kinross 2016 by-election ward 9.csv,5,AAA,1,1
scottish by-elections/Perth Kinross 2017 by-election Ward 10.csv,6,CCCC,1,1
scottish by-elections/Perth Kinross 2018 by-election Ward 4.csv,7,BBBBB,1,1
scottish by-elections/Perth Kinross by-election 2020 South.csv,6,AAAA,1,1
scottish by-elections/Scottish Borders 2021 by-elction Ward 5.csv,7,CCCCC,1,1
scottish by-elections/South Lanarkshire 2019 by-election East Kilbride.csv,7,AAAAA,1,1
scottish by-elections/West Lothian 2021 by-election Ward_4.csv,7,DDDDD,1,1
scottish by-elections/West Lothian 2021 by-election Ward_5.csv,6,FFFF,1,1
shetland12-ballots/shetland12-01.blt,5,CCC,1,1
shetland12-ballots/shetland12-02.blt,7,EEEEE,1,1
shetland12-ballots/shetland12-03.blt,7,FFFFF,1,1
shetland12-ballots/shetland12-04.blt,6,DDDD,1,1
shetland12-ballots/shetland12-05.blt,4,AA,1,1
shetland12-ballots/shetland12-06.blt,7,BBBBB,1,1
shetland12-ballots/shetland12-07.blt,7,GGGGG,1,1
shetland17/shetland17-01.blt,5,EEE,1,1
shetland17/shetland17-02.blt,4,DD,1,1
shetland17/shetland17-03.blt,6,EEEE,1,1
shetland17/shetland17-04.blt,5,DDD,1,1
shetland17/shetland17-06.blt,4,AA,1,1
shetland17/shetland17-07.blt,5,EEE,1,1
shetland22/ward-3-shetland-west-preference-profile.blt,8,AAAAAA,1,1
shetland22/ward-4-shetland-central-preference-profile.blt,6,BBBB,1,1
shetland22/ward-5-lerwick-north-and-bressay-preference-profile.blt,5,BBB,1,1
shetland22/ward-6-lerwick-south-preference-profile.blt,7,DDDDD,1,1
shetland22/ward-7-shetland-south-preference-profile.blt,5,CCC,1,1
stirling12-ballots/stirling12-01.blt,6,CCCC,1,1
stirling12-ballots/stirling12-02.blt,8,GGGGGG,1,1
stirling12-ballots/stirling12-03.blt,6,CCCC,1,1
stirling12-ballots/stirling12-04.blt,8,GGCCCC,2,3
stirling12-ballots/stirling12-05.blt,4,CC,1,1
stirling12-ballots/stirling12-06.blt,6,ECCC,2,3
stirling12-ballots/stirling12-07.blt,7,AAAAA,1,1
stirling17-ballots/stirling17-01.blt,7,BBBBB,1,1
stirling17-ballots/stirling17-02.blt,7,AAAAA,1,1
stirling17-ballots/stirling17-03.blt,7,EEEEE,1,1
stirling17-ballots/stirling17-04.blt,8,DDDDDD,1,1
stirling17-ballots/stirling17-05.blt,6,AAAA,1,1
stirling17-ballots/stirling17-06.blt,7,EEEEE,1,1
stirling17-ballots/stirling17-07.blt,7,EEEEE,1,1
stirling22/preferenceprofile_v0001_ward-1-trossachs-and-teith_06052022_124254.blt,8,AAAAAA,1,1
stirling22/preferenceprofile_v0001_ward-2-forth-and-endrick_06052022_124253.blt,8,BEBEEE,2,5
stirling22/preferenceprofile_v0001_ward-3-dunblane-and-bridge-of-allan_06052022_124253.blt,10,CCDDDDDD,2,3
stirling22/preferenceprofile_v0001_ward-4-stirling-north_06052022_124253.blt,7,CCCCC,1,1
stirling22/preferenceprofile_v0001_ward-5-stirling-west_06052022_124253.blt,7,AABBB,2,3
stirling22/preferenceprofile_v0001_ward-6-stirling-east_06052022_124253.blt,8,EEEEEE,1,1
stirling22/preferenceprofile_v0001_ward-7-bannockburn_06052022_124254.blt,8,DDDDDD,1,1
w-duns12-ballots/w-duns12-01.blt,7,EEEEE,1,1
w-duns12-ballots/w-duns12-02.blt,7,CCCCC,1,1
w-duns12-ballots/w-duns12-03.blt,9,DDDDDDD,1,1
w-duns12-ballots/w-duns12-04.blt,7,FFFFF,1,1
w-duns12-ballots/w-duns12-05.blt,7,DDDDD,1,1
w-duns12-ballots/w-duns12-06.blt,8,AAAAAA,1,1
w-duns17-ballots/w-duns17-01.blt,7,AFFFF,2,3
w-duns17-ballots/w-duns17-02.blt,8,BBBBBB,1,1
w-duns17-ballots/w-duns17-03.blt,7,CCCCC,1,1
w-duns17-ballots/w-duns17-04.blt,5,CCC,1,1
w-duns17-ballots/w-duns17-05.blt,7,CCCCC,1,1
w-duns17-ballots/w-duns17-06.blt,9,CCCCCCC,1,1
w-duns22/preferenceprofile_v0001_ward-1-lomond_06052022_120102.csv,5,BDD,2,3
w-duns22/preferenceprofile_v0001_ward-2-leven_06052022_120059.csv,8,CGGGGG,2,3
w-duns22/preferenceprofile_v0001_ward-3-dumbarton_06052022_120059.csv,9,CCCCCCC,1,1
w-duns22/preferenceprofile_v0001_ward-4-kilpatrick_06052022_120059.csv,5,BBB,1,1
w-duns22/preferenceprofile_v0001_ward-5-clydebank-central_06052022_120100.csv,5,AAA,1,1
w-duns22/preferenceprofile_v0001_ward-6-clydebank-waterfront_06052022_120103.csv,7,CCCCC,1,1
w-lothian12-ballots/w-lothian12-01.blt,6,BBBB,1,1
w-lothian12-ballots/w-lothian12-02.blt,6,BBBB,1,1
w-lothian12-ballots/w-lothian12-03.blt,8,BBBBBB,1,1
w-lothian12-ballots/w-lothian12-04.blt,7,BBBBB,1,1
w-lothian12-ballots/w-lothian12-05.blt,7,EEEEE,1,1
w-lothian12-ballots/w-lothian12-06.blt,6,AAAA,1,1
w-lothian12-ballots/w-lothian12-07.blt,8,GGGGGG,1,1
w-lothian12-ballots/w-lothian12-08.blt,9,HIIIIII,2,3
w-lothian12-ballots/w-lothian12-09.blt,5,AAA,1,1
w-lothian17-ballots/w-lothian17-01.blt,7,DDDDD,1,1
w-lothian17-ballots/w-lothian17-02.blt,9,AAAAAAA,1,1
w-lothian17-ballots/w-lothian17-03.blt,8,CCCCCC,1,1
w-lothian17-ballots/w-lothian17-04.blt,8,AAAAAA,1,1
w-lothian17-ballots/w-lothian17-05.blt,8,EEEEEE,1,1
w-lothian17-ballots/w-lothian17-06.blt,7,DDDDD,1,1
w-lothian17-ballots/w-lothian17-07.blt,7,FFFFF,1,1
w-lothian17-ballots/w-lothian17-08.blt,9,CCCCCCC,1,1
w-lothian17-ballots/w-lothian17-09.blt,6,AAAA,1,1
w-lothian22/PreferenceProfile_V0001_Ward-1---Linlithgow_06052022_160231.csv,6,EEEE,1,1
w-lothian22/PreferenceProfile_V0001_Ward-2---Broxburn-Uphall-and-Winchburgh_06052022_160218.csv,9,AAAAAAA,1,1
w-lothian22/PreferenceProfile_V0001_Ward-3---Livingston-North_06052022_160234.csv,8,CCCCCC,1,1
w-lothian22/PreferenceProfile_V0001_Ward-4---Livingston-South_06052022_160228.csv,10,GGGGGGGG,1,1
w-lothian22/PreferenceProfile_V0001_Ward-5---East-Livingston-and-East-Calder_06052022_160233.csv,10,FFFFFFFF,1,1
w-lothian22/PreferenceProfile_V0001_Ward-6---Fauldhouse-and-the-Breich-Valley_06052022_160234.csv,8,GGGGGG,1,1
w-lothian22/PreferenceProfile_V0001_Ward-7---Whitburn-and-Blackburn_06052022_160234.csv,7,EEEEE,1,1
w-lothian22/PreferenceProfile_V0001_Ward-8---Bathgate_06052022_160235.csv,8,BBBBBB,1,1
w-lothian22/PreferenceProfile_V0001_Ward-9---Armadale-and-Blackridge_06052022_160235.csv,7,AAAAA,1,1
American elections/2006 Burlington mayor.csv,5,AAA,1,1
American elections/2008_Pierce_City_Council_D2.csv,3,C,1,1
American elections/2008_Pierce_County_Executive.csv,4,CC,1,1
American elections/2009 Aspen CO city council.csv,9,HHHHHHH,1,1
American elections/2009 Aspen Mayor.csv,4,BB,1,1
American elections/2009 Burlington mayor.csv,5,DDD,1,1
American elections/2009_Pierce_County_Auditor.csv,3,B,1,1
American elections/2009-Minneapolis-Council-Ward-4.csv,4,DD,1,1
American elections/2010 Berkeley City Council D7.csv,4,CC,1,1
American elections/2010 SF BoS D8.csv,4,CC,1,1
American elections/2011_SF_Sheriff.csv,4,DD,1,1
American elections/2012 Oakland City Council D5.csv,4,AA,1,1
American elections/2012 Oakland School Director D3.csv,3,C,1,1
American elections/2012 San Leandro City Council D2.csv,3,C,1,1
American elections/2012 San Leandro City Council D4.csv,4,CC,1,1
American elections/2013-Minneapolis-Council-Ward-5.csv,4,CC,1,1
American elections/2014 Berkeley City Council D8.csv,4,DD,1,1
American elections/2014 San Leandro City Council D1.csv,4,AA,1,1
American elections/2014 San Leandro Mayor.csv,3,B,1,1
American elections/2015 Telluride CO Mayor.csv,3,B,1,1
American elections/2016 Berkeley City Council D2.csv,3,A,1,1
American elections/2016 Oakland School Director D5.csv,4,AA,1,1
American elections/2017-Minneapolis-Council-Ward-5.csv,4,AA,1,1
American elections/2017-Minneapolis-Park-Board-District-1.csv,3,B,1,1
American elections/2017-Minneapolis-Park-District-3.csv,3,A,1,1
American elections/2017-Minneapolis-Park-District-6.csv,4,DD,1,1
American elections/2017-Minneapolis-Ward-1.csv,3,A,1,1
American elections/2017-Minneapolis-Ward-11.csv,3,C,1,1
American elections/2017-Minneapolis-Ward-3.csv,4,DD,1,1
American elections/2017-Minneapolis-Ward-4.csv,4,AA,1,1
American elections/2017-Minneapolis-Ward-9.csv,4,CC,1,1
American elections/2018 Santa Fe Councilor D4.csv,3,C,1,1
American elections/2018 Santa Fe Mayor.csv,5,BBB,1,1
American elections/2018 SF BoS D2.csv,4,CC,1,1
American elections/2018_Maine_Dem_CD2_primary.csv,4,CC,1,1
American elections/2018_Maine_Dem_gov_primary.csv,7,CCCCC,1,1
American elections/2018_Maine_House_rep_CD2.csv,4,CC,1,1
American elections/2019 Payson Utah City Council seat 1.csv,5,CCC,1,1
American elections/2019 SF D5.csv,4,BB,1,1
American elections/2019 SF DA.csv,4,DD,1,1
"American elections/2019 St Louis Park, City Council at-large A.csv",3,B,1,1
American elections/2019 Vineyard Utah City Council seat 1.csv,7,EEEEE,1,1
American elections/2020 SF BoS D1.csv,7,GGGGG,1,1
American elections/2020 SF BoS D11.csv,3,C,1,1
American elections/2020 SF BoS D7.csv,7,CCCCC,1,1
American elections/2020_Maine_D11_Dem_Primary.csv,3,C,1,1
American elections/2020_Maine_D41_Dem_Primary.csv,3,B,1,1
American elections/2020_Maine_D47_Dem_Primary.csv,3,A,1,1
American elections/2020_Maine_D49_Dem_Primary.csv,3,C,1,1
American elections/2020_Maine_D90_Dem_Primary.csv,3,B,1,1
American elections/2020_ME_CongressRep_D2_R.csv,3,C,1,1
American elections/2021 St. Louis Park Ward 3.csv,3,A,1,1
American elections/2021-Minneapolis-Park-2.csv,3,A,1,1
American elections/2021-Minneapolis-Park-6.csv,4,AA,1,1
American elections/2021-Minneapolis-Ward-1.csv,4,DD,1,1
American elections/2021-Minneapolis-Ward-3.csv,4,BB,1,1
American elections/2022 SF DAstreamlined.csv,4,BB,1,1
American elections/APA 1998.csv,5,BBB,1,1
American elections/APA 1999.csv,5,AAA,1,1
American elections/APA 2000.csv,5,CCC,1,1
American elections/APA 2001.csv,5,CCC,1,1
American elections/APA 2002.csv,5,CCC,1,1
American elections/APA 2003.csv,5,AAA,1,1
American elections/APA 2004.csv,5,AAA,1,1
American elections/APA 2005.csv,5,EEE,1,1
American elections/APA 2006.csv,5,BBB,1,1
American elections/APA 2007.csv,5,EEE,1,1
American elections/APA 2008.csv,5,EEE,1,1
American elections/APA 2009.csv,5,CCC,1,1
American elections/APA 2017 BOD race1.csv,3,B,1,1
American elections/APA 2017 BOD race2.csv,3,B,1,1
American elections/APA 2017 President.csv,5,EEE,1,1
American elections/APA 2018 BOD race2.csv,3,B,1,1
American elections/APA 2018 President.csv,5,DDD,1,1
American elections/APA 2019 BOD race2.csv,3,B,1,1
American elections/APA 2019 President.csv,5,EEE,1,1
American elections/APA 2020 BOD race2.csv,3,B,1,1
American elections/APA 2020 President.csv,5,EEE,1,1
American elections/APA 2021 BOD race1.csv,3,C,1,1
American elections/APA 2021 President.csv,5,BBB,1,1
American elections/Berkeley_11032020_MemberCityCouncilDist2BerkeleyRCVstreamlined.csv,4,BB,1,1
American elections/Dem Borough President Bronx.csv,5,AAA,1,1
American elections/Dem Borough President Queens.csv,3,B,1,1
American elections/Dem Borough President Richmond.csv,5,AAA,1,1
American elections/Dem city council D12.csv,3,A,1,1
American elections/Dem city council D14.csv,6,DDDD,1,1
American elections/Dem city council D19.csv,6,AAAA,1,1
American elections/Dem city council D22.csv,6,CCCC,1,1
American elections/Dem city council D3.csv,6,FFFF,1,1
American elections/Dem city council D32.csv,6,EEEE,1,1
American elections/Dem city council D36.csv,5,DDD,1,1
American elections/Dem city council D37.csv,6,CCCC,1,1
American elections/Dem city council D38.csv,6,CCCC,1,1
American elections/Dem city council D42.csv,4,AA,1,1
American elections/Dem city council D47.csv,4,AA,1,1
American elections/Dem city council D48.csv,5,EEE,1,1
American elections/LasCruces_11052019_MAYORCITYOFLASCRUCESstreamlined.csv,10,HHHHHHHH,1,1
American elections/Oakland_11032020_MemberCityCouncilDist3OaklandRCVstreamlined.csv,6,FFFF,1,1
American elections/Oakland_11032020_MemberCityCouncilDist7OaklandRCVstreamlined.csv,5,DDD,1,1
American elections/Oakland_11032020_SchoolDirectorDist3OaklandRCVstreamlined.csv,5,BBB,1,1
American elections/Oakland_11032020_SchoolDirectorDist5OaklandRCVstreamlined.csv,4,DD,1,1
American elections/Oakland_11032020_SchoolDirectorDist7OaklandRCVstreamlined.csv,5,DDD,1,1
American elections/Portland_06142022_Schoolboarddistrict5streamlined.csv,5,EEE,1,1
American elections/Rep Borough President Richmond.csv,4,CC,1,1
American elections/Rep city council D50.csv,5,ACC,2,3
