files,winner,T1_winners,T2_winners,T3_winners,T4_winners,T5_winners,T6_winners,T7_winners,T8_winners,T9_winners,T10_winners,T11_winners,T12_winners
aberdeen2012/aberdeen12-01.blt,E,A,E,E,E,E,E,E,NA,NA,NA,NA,NA
aberdeen2012/aberdeen12-02.blt,F,F,F,F,F,F,F,F,NA,NA,NA,NA,NA
aberdeen2012/aberdeen12-03.blt,B,B,B,B,B,B,B,B,NA,NA,NA,NA,NA
aberdeen2012/aberdeen12-04.blt,B,B,B,B,B,B,NA,NA,NA,NA,NA,NA,NA
aberdeen2012/aberdeen12-05.blt,A,A,A,A,A,A,A,A,A,A,NA,NA,NA
aberdeen2012/aberdeen12-06.blt,C,C,C,C,C,C,C,C,NA,NA,NA,NA,NA
aberdeen2012/aberdeen12-07.blt,A,C,A,A,A,A,NA,NA,NA,NA,NA,NA,NA
aberdeen2012/aberdeen12-08.blt,F,F,F,F,F,F,F,F,F,F,NA,NA,NA
aberdeen2012/aberdeen12-09.blt,B,B,B,B,B,B,NA,NA,NA,NA,NA,NA,NA
aberdeen2012/aberdeen12-10.blt,G,G,G,G,G,G,G,NA,NA,NA,NA,NA,NA
aberdeen2012/aberdeen12-11.blt,F,F,F,F,F,NA,NA,NA,NA,NA,NA,NA,NA
aberdeen2012/aberdeen12-12.blt,A,A,A,A,A,A,A,A,A,A,A,NA,NA
aberdeen2012/aberdeen12-13.blt,B,F,B,B,B,B,NA,NA,NA,NA,NA,NA,NA
aberdeen2017/aberdeen17-01.blt,D,E,D,D,D,D,NA,NA,NA,NA,NA,NA,NA
aberdeen2017/aberdeen17-02.blt,A,C,A,A,A,A,A,A,NA,NA,NA,NA,NA
aberdeen2017/aberdeen17-03.blt,C,C,C,C,C,C,NA,NA,NA,NA,NA,NA,NA
aberdeen2017/aberdeen17-04.blt,A,A,A,A,A,A,A,NA,NA,NA,NA,NA,NA
aberdeen2017/aberdeen17-05.blt,A,A,A,A,A,A,A,NA,NA,NA,NA,NA,NA
aberdeen2017/aberdeen17-06.blt,F,D,F,F,F,F,F,F,NA,NA,NA,NA,NA
aberdeen2017/aberdeen17-07.blt,A,F,A,A,A,A,A,NA,NA,NA,NA,NA,NA
aberdeen2017/aberdeen17-08.blt,A,A,A,A,A,A,A,A,NA,NA,NA,NA,NA
aberdeen2017/aberdeen17-09.blt,A,A,A,A,A,A,A,NA,NA,NA,NA,NA,NA
aberdeen2017/aberdeen17-10.blt,F,F,F,F,F,NA,NA,NA,NA,NA,NA,NA,NA
aberdeen2017/aberdeen17-11.blt,D,D,D,NA,NA,NA,NA,NA,NA,NA,NA,NA,NA
aberdeen2017/aberdeen17-12.blt,B,C,B,B,B,B,B,B,B,NA,NA,NA,NA
aberdeen2017/aberdeen17-13.blt,E,E,E,E,E,E,E,NA,NA,NA,NA,NA,NA
aberdeen2022/Ward1.txt,A,A,A,A,A,A,A,NA,NA,NA,NA,NA,NA
aberdeen2022/Ward10.txt,C,C,C,C,C,C,NA,NA,NA,NA,NA,NA,NA
aberdeen2022/Ward11.txt,E,E,E,E,NA,NA,NA,NA,NA,NA,NA,NA,NA
aberdeen2022/Ward12.txt,B,B,B,B,B,B,B,B,B,NA,NA,NA,NA
aberdeen2022/Ward13.txt,F,F,F,F,F,F,F,NA,NA,NA,NA,NA,NA
aberdeen2022/Ward2.txt,B,B,B,B,B,B,B,NA,NA,NA,NA,NA,NA
aberdeen2022/Ward3.txt,C,C,C,C,C,C,NA,NA,NA,NA,NA,NA,NA
aberdeen2022/Ward4.txt,B,B,B,B,B,B,B,B,NA,NA,NA,NA,NA
aberdeen2022/Ward5.txt,A,A,A,A,A,A,NA,NA,NA,NA,NA,NA,NA
aberdeen2022/Ward6.txt,F,F,F,F,F,F,F,F,F,NA,NA,NA,NA
aberdeen2022/Ward7.txt,B,B,B,B,B,NA,NA,NA,NA,NA,NA,NA,NA
aberdeen2022/Ward8.txt,D,D,D,D,D,D,NA,NA,NA,NA,NA,NA,NA
aberdeen2022/Ward9.txt,B,B,B,B,B,B,NA,NA,NA,NA,NA,NA,NA
aberdeenshire12-ballots/aberdeenshire12-01.blt,A,A,A,A,NA,NA,NA,NA,NA,NA,NA,NA,NA
aberdeenshire12-ballots/aberdeenshire12-02.blt,F,F,F,F,F,F,F,NA,NA,NA,NA,NA,NA
aberdeenshire12-ballots/aberdeenshire12-03.blt,I,I,I,I,I,I,I,I,I,NA,NA,NA,NA
aberdeenshire12-ballots/aberdeenshire12-04.blt,C,C,C,C,C,C,C,NA,NA,NA,NA,NA,NA
aberdeenshire12-ballots/aberdeenshire12-05.blt,A,A,A,A,A,A,A,A,NA,NA,NA,NA,NA
aberdeenshire12-ballots/aberdeenshire12-06.blt,E,E,E,E,E,NA,NA,NA,NA,NA,NA,NA,NA
aberdeenshire12-ballots/aberdeenshire12-07.blt,A,A,A,A,A,NA,NA,NA,NA,NA,NA,NA,NA
aberdeenshire12-ballots/aberdeenshire12-08.blt,D,D,D,D,D,D,NA,NA,NA,NA,NA,NA,NA
aberdeenshire12-ballots/aberdeenshire12-09.blt,C,C,C,C,C,NA,NA,NA,NA,NA,NA,NA,NA
aberdeenshire12-ballots/aberdeenshire12-10.blt,B,B,B,B,NA,NA,NA,NA,NA,NA,NA,NA,NA
aberdeenshire12-ballots/aberdeenshire12-11.blt,F,F,F,F,F,F,F,NA,NA,NA,NA,NA,NA
aberdeenshire12-ballots/aberdeenshire12-12.blt,D,D,D,D,D,NA,NA,NA,NA,NA,NA,NA,NA
aberdeenshire12-ballots/aberdeenshire12-13.blt,B,C,C,B,NA,NA,NA,NA,NA,NA,NA,NA,NA
aberdeenshire12-ballots/aberdeenshire12-14.blt,E,A,E,E,E,NA,NA,NA,NA,NA,NA,NA,NA
aberdeenshire12-ballots/aberdeenshire12-15.blt,E,E,E,E,NA,NA,NA,NA,NA,NA,NA,NA,NA
aberdeenshire12-ballots/aberdeenshire12-16.blt,C,C,C,C,NA,NA,NA,NA,NA,NA,NA,NA,NA
aberdeenshire12-ballots/aberdeenshire12-17.blt,A,A,A,A,A,A,NA,NA,NA,NA,NA,NA,NA
aberdeenshire12-ballots/aberdeenshire12-18.blt,A,A,A,A,A,A,A,A,A,NA,NA,NA,NA
aberdeenshire12-ballots/aberdeenshire12-19.blt,B,B,C,C,B,B,NA,NA,NA,NA,NA,NA,NA
aberdeenshire17-ballots/aberdeenshire17-01.blt,C,C,C,NA,NA,NA,NA,NA,NA,NA,NA,NA,NA
aberdeenshire17-ballots/aberdeenshire17-02.blt,B,B,B,B,B,NA,NA,NA,NA,NA,NA,NA,NA
aberdeenshire17-ballots/aberdeenshire17-03.blt,D,D,D,D,D,D,D,D,D,NA,NA,NA,NA
aberdeenshire17-ballots/aberdeenshire17-04.blt,A,A,A,A,NA,NA,NA,NA,NA,NA,NA,NA,NA
aberdeenshire17-ballots/aberdeenshire17-05.blt,B,B,B,B,B,NA,NA,NA,NA,NA,NA,NA,NA
aberdeenshire17-ballots/aberdeenshire17-06.blt,C,C,C,C,C,NA,NA,NA,NA,NA,NA,NA,NA
aberdeenshire17-ballots/aberdeenshire17-07.blt,E,E,E,E,NA,NA,NA,NA,NA,NA,NA,NA,NA
aberdeenshire17-ballots/aberdeenshire17-08.blt,B,B,B,B,B,B,NA,NA,NA,NA,NA,NA,NA
aberdeenshire17-ballots/aberdeenshire17-09.blt,D,D,D,D,NA,NA,NA,NA,NA,NA,NA,NA,NA
aberdeenshire17-ballots/aberdeenshire17-10.blt,B,B,B,B,B,NA,NA,NA,NA,NA,NA,NA,NA
aberdeenshire17-ballots/aberdeenshire17-11.blt,B,B,B,B,B,NA,NA,NA,NA,NA,NA,NA,NA
aberdeenshire17-ballots/aberdeenshire17-12.blt,C,C,C,C,C,NA,NA,NA,NA,NA,NA,NA,NA
aberdeenshire17-ballots/aberdeenshire17-13.blt,D,D,D,D,D,D,NA,NA,NA,NA,NA,NA,NA
aberdeenshire17-ballots/aberdeenshire17-14.blt,B,B,B,B,B,NA,NA,NA,NA,NA,NA,NA,NA
aberdeenshire17-ballots/aberdeenshire17-15.blt,C,C,C,C,NA,NA,NA,NA,NA,NA,NA,NA,NA
aberdeenshire17-ballots/aberdeenshire17-16.blt,D,D,D,NA,NA,NA,NA,NA,NA,NA,NA,NA,NA
aberdeenshire17-ballots/aberdeenshire17-17.blt,E,F,F,E,E,E,NA,NA,NA,NA,NA,NA,NA
aberdeenshire17-ballots/aberdeenshire17-18.blt,A,A,A,A,A,A,NA,NA,NA,NA,NA,NA,NA
aberdeenshire17-ballots/aberdeenshire17-19.blt,B,B,B,B,B,B,B,NA,NA,NA,NA,NA,NA
aberdeenshire22/preferenceprofile_v0001_ward-10-west-garioch_06052022_172124.csv,G,B,B,B,G,G,G,NA,NA,NA,NA,NA,NA
aberdeenshire22/preferenceprofile_v0001_ward-11-inverurie-and-district_06052022_172124.csv,C,C,C,C,C,NA,NA,NA,NA,NA,NA,NA,NA
aberdeenshire22/preferenceprofile_v0001_ward-12-east-garioch_06052022_172124.csv,F,F,F,F,F,NA,NA,NA,NA,NA,NA,NA,NA
aberdeenshire22/preferenceprofile_v0001_ward-13-westhill-and-district_06052022_172124.csv,F,C,C,F,F,F,NA,NA,NA,NA,NA,NA,NA
aberdeenshire22/preferenceprofile_v0001_ward-14-huntly-strathbogie-and-howe-of-alford_06052022_172124.csv,C,E,C,C,C,C,NA,NA,NA,NA,NA,NA,NA
aberdeenshire22/preferenceprofile_v0001_ward-15-aboyne-upper-deeside-and-donside_06052022_172124.csv,B,B,B,B,B,NA,NA,NA,NA,NA,NA,NA,NA
aberdeenshire22/preferenceprofile_v0001_ward-16-banchory-and-mid-deeside_06052022_172124.csv,B,F,F,B,B,NA,NA,NA,NA,NA,NA,NA,NA
aberdeenshire22/preferenceprofile_v0001_ward-17-north-kincardine_06052022_172124.csv,A,A,A,A,A,A,A,A,NA,NA,NA,NA,NA
aberdeenshire22/preferenceprofile_v0001_ward-18-stonehaven-and-lower-deeside_06052022_172124.csv,D,D,A,D,D,D,D,NA,NA,NA,NA,NA,NA
aberdeenshire22/preferenceprofile_v0001_ward-19-mearns_06052022_172124.csv,I,I,I,C,I,I,I,I,I,I,NA,NA,NA
aberdeenshire22/preferenceprofile_v0001_ward-2-troup_06052022_172123.csv,C,C,C,C,NA,NA,NA,NA,NA,NA,NA,NA,NA
aberdeenshire22/preferenceprofile_v0001_ward-3-fraserburgh-and-district_06052022_172124.csv,E,A,E,E,E,E,NA,NA,NA,NA,NA,NA,NA
aberdeenshire22/preferenceprofile_v0001_ward-4-central-buchan_06052022_172124.csv,H,H,H,H,H,H,H,H,H,NA,NA,NA,NA
aberdeenshire22/preferenceprofile_v0001_ward-5-peterhead-north-and-rattray_06052022_172118.csv,B,G,G,B,B,B,B,NA,NA,NA,NA,NA,NA
aberdeenshire22/preferenceprofile_v0001_ward-6-peterhead-south-and-cruden_06052022_172115.csv,D,D,D,NA,NA,NA,NA,NA,NA,NA,NA,NA,NA
aberdeenshire22/preferenceprofile_v0001_ward-7-turriff-and-district_06052022_172118.csv,E,E,E,E,E,NA,NA,NA,NA,NA,NA,NA,NA
aberdeenshire22/preferenceprofile_v0001_ward-8-mid-formartine_06052022_172123.csv,D,D,D,D,D,NA,NA,NA,NA,NA,NA,NA,NA
aberdeenshire22/preferenceprofile_v0001_ward-9-ellon-and-district_06052022_172124.csv,E,B,E,E,E,E,NA,NA,NA,NA,NA,NA,NA
aberdeenshire22/ward1.csv,F,F,F,F,F,F,F,NA,NA,NA,NA,NA,NA
angus12-ballots/angus12-01.blt,B,D,B,NA,NA,NA,NA,NA,NA,NA,NA,NA,NA
angus12-ballots/angus12-02.blt,B,B,B,B,B,NA,NA,NA,NA,NA,NA,NA,NA
angus12-ballots/angus12-03.blt,C,C,C,C,C,C,NA,NA,NA,NA,NA,NA,NA
angus12-ballots/angus12-04.blt,C,A,C,C,C,NA,NA,NA,NA,NA,NA,NA,NA
angus12-ballots/angus12-05.blt,C,C,C,C,C,C,NA,NA,NA,NA,NA,NA,NA
angus12-ballots/angus12-06.blt,C,C,C,C,C,C,C,NA,NA,NA,NA,NA,NA
angus12-ballots/angus12-07.blt,F,D,F,F,F,NA,NA,NA,NA,NA,NA,NA,NA
angus12-ballots/angus12-08.blt,E,E,B,E,E,NA,NA,NA,NA,NA,NA,NA,NA
angus17-ballots/angus17-01.blt,E,E,E,E,E,NA,NA,NA,NA,NA,NA,NA,NA
angus17-ballots/angus17-02.blt,C,D,D,C,C,C,NA,NA,NA,NA,NA,NA,NA
angus17-ballots/angus17-03.blt,B,C,B,B,B,B,B,NA,NA,NA,NA,NA,NA
angus17-ballots/angus17-04.blt,A,A,A,A,NA,NA,NA,NA,NA,NA,NA,NA,NA
angus17-ballots/angus17-05.blt,B,D,B,B,B,B,NA,NA,NA,NA,NA,NA,NA
angus17-ballots/angus17-06.blt,C,C,C,C,NA,NA,NA,NA,NA,NA,NA,NA,NA
angus17-ballots/angus17-07.blt,E,F,A,E,E,E,E,NA,NA,NA,NA,NA,NA
angus17-ballots/angus17-08.blt,G,G,A,G,G,G,NA,NA,NA,NA,NA,NA,NA
angus22/ward1.txt,A,A,A,A,A,A,NA,NA,NA,NA,NA,NA,NA
angus22/ward2.txt,C,C,C,C,NA,NA,NA,NA,NA,NA,NA,NA,NA
angus22/ward3.txt,G,B,B,B,B,G,G,NA,NA,NA,NA,NA,NA
angus22/ward4.txt,D,B,D,D,D,D,D,NA,NA,NA,NA,NA,NA
angus22/ward5.txt,B,F,F,B,B,B,NA,NA,NA,NA,NA,NA,NA
angus22/ward6.txt,B,F,B,B,B,B,B,B,B,NA,NA,NA,NA
angus22/ward7.txt,D,D,D,D,D,NA,NA,NA,NA,NA,NA,NA,NA
angus22/ward8.txt,C,E,C,C,C,C,C,C,NA,NA,NA,NA,NA
argyll-bute12-ballots/argyll-bute12-01.blt,E,E,E,E,E,E,NA,NA,NA,NA,NA,NA,NA
argyll-bute12-ballots/argyll-bute12-02.blt,C,C,C,C,C,C,NA,NA,NA,NA,NA,NA,NA
argyll-bute12-ballots/argyll-bute12-03.blt,D,D,D,D,D,NA,NA,NA,NA,NA,NA,NA,NA
argyll-bute12-ballots/argyll-bute12-04.blt,I,B,B,I,I,I,I,I,NA,NA,NA,NA,NA
argyll-bute12-ballots/argyll-bute12-05.blt,I,I,I,I,I,I,I,I,I,NA,NA,NA,NA
argyll-bute12-ballots/argyll-bute12-06.blt,F,A,A,A,F,F,F,F,NA,NA,NA,NA,NA
argyll-bute12-ballots/argyll-bute12-08.blt,D,D,D,D,D,NA,NA,NA,NA,NA,NA,NA,NA
argyll-bute12-ballots/argyll-bute12-09.blt,B,B,B,B,B,B,NA,NA,NA,NA,NA,NA,NA
argyll-bute12-ballots/argyll-bute12-10.blt,B,B,B,B,B,NA,NA,NA,NA,NA,NA,NA,NA
argyll-bute12-ballots/argyll-bute12-11.blt,B,B,B,NA,NA,NA,NA,NA,NA,NA,NA,NA,NA
argyll-bute12-ballots/argyll-bute120510-07.blt,F,F,F,F,F,NA,NA,NA,NA,NA,NA,NA,NA
argyll-bute17-ballots/argyll-bute17-02.blt,A,B,B,A,A,NA,NA,NA,NA,NA,NA,NA,NA
argyll-bute17-ballots/argyll-bute17-03.blt,F,F,F,F,F,F,NA,NA,NA,NA,NA,NA,NA
argyll-bute17-ballots/argyll-bute17-04.blt,F,F,F,F,F,F,F,NA,NA,NA,NA,NA,NA
argyll-bute17-ballots/argyll-bute17-05.blt,H,H,H,H,H,H,H,H,H,NA,NA,NA,NA
argyll-bute17-ballots/argyll-bute17-06.blt,E,A,E,E,E,NA,NA,NA,NA,NA,NA,NA,NA
argyll-bute17-ballots/argyll-bute17-07.blt,C,C,C,C,C,C,C,C,C,NA,NA,NA,NA
argyll-bute17-ballots/argyll-bute17-08.blt,E,E,E,E,E,E,NA,NA,NA,NA,NA,NA,NA
argyll-bute17-ballots/argyll-bute17-09.blt,F,F,F,F,F,F,NA,NA,NA,NA,NA,NA,NA
argyll-bute17-ballots/argyll-bute17-10.blt,D,D,D,D,NA,NA,NA,NA,NA,NA,NA,NA,NA
argyll-bute17-ballots/argyll-bute17-11.blt,D,D,D,D,D,D,D,NA,NA,NA,NA,NA,NA
argyll22/ward1.csv,C,C,C,NA,NA,NA,NA,NA,NA,NA,NA,NA,NA
argyll22/ward10.csv,D,F,F,F,D,D,NA,NA,NA,NA,NA,NA,NA
argyll22/ward11.csv,E,E,E,E,NA,NA,NA,NA,NA,NA,NA,NA,NA
argyll22/ward2.csv,C,D,D,D,D,NA,NA,NA,NA,NA,NA,NA,NA
argyll22/ward3.csv,H,H,H,H,H,H,H,H,NA,NA,NA,NA,NA
argyll22/ward4.csv,H,H,H,H,H,H,H,H,H,H,NA,NA,NA
argyll22/ward5.csv,G,G,G,G,G,G,G,NA,NA,NA,NA,NA,NA
argyll22/ward6.csv,A,A,A,A,A,A,NA,NA,NA,NA,NA,NA,NA
argyll22/ward7.csv,B,B,B,B,B,B,NA,NA,NA,NA,NA,NA,NA
argyll22/ward8.csv,D,B,D,D,D,D,D,D,NA,NA,NA,NA,NA
argyll22/ward9.csv,A,A,A,A,A,A,NA,NA,NA,NA,NA,NA,NA
clackmannanshire12-ballots/clacks12-01.blt,C,C,C,C,C,C,NA,NA,NA,NA,NA,NA,NA
clackmannanshire12-ballots/clacks12-02.blt,B,B,B,B,B,B,B,NA,NA,NA,NA,NA,NA
clackmannanshire12-ballots/clacks12-03.blt,D,D,D,D,D,NA,NA,NA,NA,NA,NA,NA,NA
clackmannanshire12-ballots/clacks12-04.blt,D,D,D,D,NA,NA,NA,NA,NA,NA,NA,NA,NA
clackmannanshire12-ballots/clacks12-05.blt,B,A,B,NA,NA,NA,NA,NA,NA,NA,NA,NA,NA
clackmannanshire17-ballots/clacks17-001.blt,D,C,D,D,D,D,D,NA,NA,NA,NA,NA,NA
clackmannanshire17-ballots/clacks17-002.blt,D,B,D,D,D,D,D,NA,NA,NA,NA,NA,NA
clackmannanshire17-ballots/clacks17-003.blt,C,C,C,C,C,NA,NA,NA,NA,NA,NA,NA,NA
clackmannanshire17-ballots/clacks17-004.blt,E,E,E,E,E,E,NA,NA,NA,NA,NA,NA,NA
clackmannanshire17-ballots/clacks17-005.blt,D,D,D,D,D,NA,NA,NA,NA,NA,NA,NA,NA
clackmannanshire22/ward1.txt,A,A,A,A,A,A,NA,NA,NA,NA,NA,NA,NA
clackmannanshire22/ward2.txt,B,B,B,B,B,B,B,NA,NA,NA,NA,NA,NA
clackmannanshire22/ward3.txt,A,A,A,A,A,A,NA,NA,NA,NA,NA,NA,NA
clackmannanshire22/ward4.txt,B,A,B,B,B,B,NA,NA,NA,NA,NA,NA,NA
clackmannanshire22/ward5.txt,B,D,B,B,B,B,NA,NA,NA,NA,NA,NA,NA
dumgal12-ballots/dumgal12-01.blt,D,D,D,NA,NA,NA,NA,NA,NA,NA,NA,NA,NA
dumgal12-ballots/dumgal12-02.blt,A,A,A,NA,NA,NA,NA,NA,NA,NA,NA,NA,NA
dumgal12-ballots/dumgal12-03.blt,B,A,A,B,B,NA,NA,NA,NA,NA,NA,NA,NA
dumgal12-ballots/dumgal12-04.blt,H,H,H,H,H,H,H,NA,NA,NA,NA,NA,NA
dumgal12-ballots/dumgal12-05.blt,A,A,A,A,A,A,NA,NA,NA,NA,NA,NA,NA
dumgal12-ballots/dumgal12-06.blt,C,C,C,C,C,NA,NA,NA,NA,NA,NA,NA,NA
dumgal12-ballots/dumgal12-07.blt,C,D,D,C,NA,NA,NA,NA,NA,NA,NA,NA,NA
dumgal12-ballots/dumgal12-08.blt,A,A,A,A,A,NA,NA,NA,NA,NA,NA,NA,NA
dumgal12-ballots/dumgal12-09.blt,D,B,D,D,NA,NA,NA,NA,NA,NA,NA,NA,NA
dumgal12-ballots/dumgal12-10.blt,C,C,C,C,C,C,C,NA,NA,NA,NA,NA,NA
dumgal12-ballots/dumgal12-11.blt,C,A,C,C,C,C,NA,NA,NA,NA,NA,NA,NA
dumgal12-ballots/dumgal12-12.blt,E,B,B,E,E,E,NA,NA,NA,NA,NA,NA,NA
dumgal12-ballots/dumgal12-13.blt,F,C,C,F,F,F,F,F,NA,NA,NA,NA,NA
dumgal17-ballots/dumgal17-01.blt,F,F,F,F,F,F,F,NA,NA,NA,NA,NA,NA
dumgal17-ballots/dumgal17-02.blt,D,D,D,D,D,D,D,D,NA,NA,NA,NA,NA
dumgal17-ballots/dumgal17-03.blt,B,B,B,B,B,B,B,B,NA,NA,NA,NA,NA
dumgal17-ballots/dumgal17-04.blt,A,B,B,B,A,NA,NA,NA,NA,NA,NA,NA,NA
dumgal17-ballots/dumgal17-05.blt,A,A,A,A,A,A,NA,NA,NA,NA,NA,NA,NA
dumgal17-ballots/dumgal17-06.blt,A,A,A,A,A,A,NA,NA,NA,NA,NA,NA,NA
dumgal17-ballots/dumgal17-07.blt,A,B,A,A,NA,NA,NA,NA,NA,NA,NA,NA,NA
dumgal17-ballots/dumgal17-08.blt,A,A,A,A,A,A,A,A,NA,NA,NA,NA,NA
dumgal17-ballots/dumgal17-09.blt,G,E,E,E,G,G,G,G,G,NA,NA,NA,NA
dumgal17-ballots/dumgal17-10.blt,B,B,B,B,B,B,NA,NA,NA,NA,NA,NA,NA
dumgal17-ballots/dumgal17-11.blt,B,B,B,B,NA,NA,NA,NA,NA,NA,NA,NA,NA
dumgal17-ballots/dumgal17-12.blt,A,A,A,A,A,NA,NA,NA,NA,NA,NA,NA,NA
dumgal22/ward1.blt.docx,C,C,C,C,C,C,NA,NA,NA,NA,NA,NA,NA
dumgal22/ward10.blt,E,B,B,B,E,NA,NA,NA,NA,NA,NA,NA,NA
dumgal22/ward11.blt,D,F,F,D,D,D,NA,NA,NA,NA,NA,NA,NA
dumgal22/ward12.blt,A,A,A,A,A,A,NA,NA,NA,NA,NA,NA,NA
dumgal22/ward2.blt,C,C,C,C,NA,NA,NA,NA,NA,NA,NA,NA,NA
dumgal22/ward3.blt,C,D,C,C,C,C,NA,NA,NA,NA,NA,NA,NA
dumgal22/ward4.blt,B,B,B,B,B,B,B,NA,NA,NA,NA,NA,NA
dumgal22/ward5.blt,B,B,B,B,NA,NA,NA,NA,NA,NA,NA,NA,NA
dumgal22/ward6.blt,B,B,B,B,NA,NA,NA,NA,NA,NA,NA,NA,NA
dumgal22/ward7.blt,B,A,B,B,NA,NA,NA,NA,NA,NA,NA,NA,NA
dumgal22/ward8.blt,D,D,D,D,NA,NA,NA,NA,NA,NA,NA,NA,NA
dumgal22/ward9.blt,A,A,A,A,A,A,NA,NA,NA,NA,NA,NA,NA
dundee12-ballots/dundee12-01.blt,A,A,A,A,A,A,A,A,NA,NA,NA,NA,NA
dundee12-ballots/dundee12-02.blt,D,D,D,D,D,D,D,D,NA,NA,NA,NA,NA
dundee12-ballots/dundee12-03.blt,D,D,D,D,D,D,NA,NA,NA,NA,NA,NA,NA
dundee12-ballots/dundee12-04.blt,B,B,B,B,B,B,B,B,NA,NA,NA,NA,NA
dundee12-ballots/dundee12-05.blt,C,C,C,C,C,C,NA,NA,NA,NA,NA,NA,NA
dundee12-ballots/dundee12-06.blt,F,F,F,F,F,F,F,NA,NA,NA,NA,NA,NA
dundee12-ballots/dundee12-07.blt,C,C,C,C,C,C,NA,NA,NA,NA,NA,NA,NA
dundee12-ballots/dundee12-08.blt,D,E,D,D,D,NA,NA,NA,NA,NA,NA,NA,NA
dundee17-ballots/dundee17-01.blt,A,A,A,A,A,A,NA,NA,NA,NA,NA,NA,NA
dundee17-ballots/dundee17-02.blt,I,I,I,I,I,I,I,I,I,NA,NA,NA,NA
dundee17-ballots/dundee17-03.blt,D,D,D,D,D,D,D,D,NA,NA,NA,NA,NA
dundee17-ballots/dundee17-04.blt,B,B,B,B,B,B,B,B,B,NA,NA,NA,NA
dundee17-ballots/dundee17-05.blt,E,E,E,E,E,E,NA,NA,NA,NA,NA,NA,NA
dundee17-ballots/dundee17-06.blt,E,E,E,E,E,E,E,NA,NA,NA,NA,NA,NA
dundee17-ballots/dundee17-07.blt,A,A,A,A,A,A,A,A,NA,NA,NA,NA,NA
dundee17-ballots/dundee17-08.blt,G,G,G,G,G,G,G,G,NA,NA,NA,NA,NA
dundee22/Ward1.blt,A,A,A,A,A,A,A,A,NA,NA,NA,NA,NA
dundee22/Ward2.blt,G,G,G,G,G,G,G,G,NA,NA,NA,NA,NA
dundee22/Ward3.blt,H,H,H,H,H,H,H,H,NA,NA,NA,NA,NA
dundee22/Ward4.blt,C,C,C,C,C,C,C,C,NA,NA,NA,NA,NA
dundee22/Ward5.blt,G,E,G,G,G,G,G,NA,NA,NA,NA,NA,NA
dundee22/Ward6.blt,D,D,D,D,D,D,NA,NA,NA,NA,NA,NA,NA
dundee22/Ward7.blt,B,B,B,B,B,B,NA,NA,NA,NA,NA,NA,NA
dundee22/Ward8.blt,C,C,C,C,C,C,C,C,NA,NA,NA,NA,NA
e-ayrshire12-ballots/e-ayrshire12-01.csv,D,F,D,D,D,NA,NA,NA,NA,NA,NA,NA,NA
e-ayrshire12-ballots/e-ayrshire12-02.blt,A,A,A,NA,NA,NA,NA,NA,NA,NA,NA,NA,NA
e-ayrshire12-ballots/e-ayrshire12-03.blt,C,C,C,C,C,NA,NA,NA,NA,NA,NA,NA,NA
e-ayrshire12-ballots/e-ayrshire12-04.blt,B,B,B,B,NA,NA,NA,NA,NA,NA,NA,NA,NA
e-ayrshire12-ballots/e-ayrshire12-05.blt,B,B,B,B,NA,NA,NA,NA,NA,NA,NA,NA,NA
e-ayrshire12-ballots/e-ayrshire12-06.blt,B,C,B,B,NA,NA,NA,NA,NA,NA,NA,NA,NA
e-ayrshire12-ballots/e-ayrshire12-07.blt,B,E,E,B,B,NA,NA,NA,NA,NA,NA,NA,NA
e-ayrshire12-ballots/e-ayrshire12-08.blt,H,H,H,H,H,H,H,NA,NA,NA,NA,NA,NA
e-ayrshire12-ballots/e-ayrshire12-09.blt,C,C,C,C,C,NA,NA,NA,NA,NA,NA,NA,NA
e-ayrshire17-ballots/e-ayrshire17-01.blt,E,E,E,E,E,E,E,NA,NA,NA,NA,NA,NA
e-ayrshire17-ballots/e-ayrshire17-02.blt,A,A,A,A,NA,NA,NA,NA,NA,NA,NA,NA,NA
e-ayrshire17-ballots/e-ayrshire17-03.blt,E,B,E,E,E,NA,NA,NA,NA,NA,NA,NA,NA
e-ayrshire17-ballots/e-ayrshire17-04.blt,A,A,A,A,A,A,NA,NA,NA,NA,NA,NA,NA
e-ayrshire17-ballots/e-ayrshire17-05.blt,E,E,E,E,NA,NA,NA,NA,NA,NA,NA,NA,NA
e-ayrshire17-ballots/e-ayrshire17-06.blt,G,G,G,G,G,G,G,NA,NA,NA,NA,NA,NA
e-ayrshire17-ballots/e-ayrshire17-07.blt,A,A,A,A,A,A,NA,NA,NA,NA,NA,NA,NA
e-ayrshire17-ballots/e-ayrshire17-08.blt,C,C,C,C,C,C,C,NA,NA,NA,NA,NA,NA
e-ayrshire17-ballots/e-ayrshire17-09.blt,B,B,B,B,B,B,B,B,NA,NA,NA,NA,NA
e-ayrshire22 (pdfs)/Ward1.csv,B,E,B,B,B,NA,NA,NA,NA,NA,NA,NA,NA
e-ayrshire22 (pdfs)/Ward2.csv,A,A,A,A,A,NA,NA,NA,NA,NA,NA,NA,NA
e-ayrshire22 (pdfs)/Ward3.csv,C,C,C,C,C,C,NA,NA,NA,NA,NA,NA,NA
e-ayrshire22 (pdfs)/Ward4.csv,C,C,C,C,C,NA,NA,NA,NA,NA,NA,NA,NA
e-ayrshire22 (pdfs)/Ward5.csv,E,E,E,E,E,NA,NA,NA,NA,NA,NA,NA,NA
e-ayrshire22 (pdfs)/Ward6.csv,A,A,A,A,NA,NA,NA,NA,NA,NA,NA,NA,NA
e-ayrshire22 (pdfs)/Ward7.csv,A,B,B,B,A,NA,NA,NA,NA,NA,NA,NA,NA
e-ayrshire22 (pdfs)/Ward8.csv,A,A,A,A,A,NA,NA,NA,NA,NA,NA,NA,NA
e-ayrshire22 (pdfs)/Ward9.csv,B,B,B,B,B,NA,NA,NA,NA,NA,NA,NA,NA
e-duns12-ballots/e-duns12-01.blt,C,C,C,NA,NA,NA,NA,NA,NA,NA,NA,NA,NA
e-duns12-ballots/e-duns12-02.blt,A,A,A,A,A,A,A,NA,NA,NA,NA,NA,NA
e-duns12-ballots/e-duns12-03.blt,D,D,D,D,D,NA,NA,NA,NA,NA,NA,NA,NA
e-duns12-ballots/e-duns12-04.blt,C,C,C,C,NA,NA,NA,NA,NA,NA,NA,NA,NA
e-duns12-ballots/e-duns12-05.blt,E,E,E,E,NA,NA,NA,NA,NA,NA,NA,NA,NA
e-duns12-ballots/e-duns12-06.blt,C,C,C,C,C,NA,NA,NA,NA,NA,NA,NA,NA
e-duns12-ballots/e-duns12-07.blt,B,B,B,NA,NA,NA,NA,NA,NA,NA,NA,NA,NA
e-duns12-ballots/e-duns12-08.blt,D,D,D,D,D,D,NA,NA,NA,NA,NA,NA,NA
e-duns17-ballots/e-duns17-01.blt,B,E,B,B,B,NA,NA,NA,NA,NA,NA,NA,NA
e-duns17-ballots/e-duns17-02.blt,B,B,B,B,B,NA,NA,NA,NA,NA,NA,NA,NA
e-duns17-ballots/e-duns17-03.blt,C,E,C,C,C,NA,NA,NA,NA,NA,NA,NA,NA
e-duns17-ballots/e-duns17-04.blt,B,D,D,D,D,B,NA,NA,NA,NA,NA,NA,NA
e-duns17-ballots/e-duns17-05.blt,F,B,D,F,F,NA,NA,NA,NA,NA,NA,NA,NA
e-duns17-ballots/e-duns17-06.blt,C,H,C,C,C,C,C,NA,NA,NA,NA,NA,NA
e-duns17-ballots/e-duns17-07.blt,A,A,A,A,A,A,NA,NA,NA,NA,NA,NA,NA
e-duns22-ballots/ward1.csv,D,B,D,D,D,NA,NA,NA,NA,NA,NA,NA,NA
e-duns22-ballots/ward2.csv,A,A,A,A,A,NA,NA,NA,NA,NA,NA,NA,NA
e-duns22-ballots/ward3.csv,F,C,F,F,F,F,NA,NA,NA,NA,NA,NA,NA
e-duns22-ballots/ward4.csv,A,A,A,A,A,A,A,NA,NA,NA,NA,NA,NA
e-duns22-ballots/ward5.csv,E,D,D,E,E,NA,NA,NA,NA,NA,NA,NA,NA
e-duns22-ballots/ward6.csv,A,C,C,A,A,NA,NA,NA,NA,NA,NA,NA,NA
e-duns22-ballots/ward7.csv,A,C,C,A,NA,NA,NA,NA,NA,NA,NA,NA,NA
e-lothian12-ballots/e-lothian12-01.blt,E,E,E,E,E,E,NA,NA,NA,NA,NA,NA,NA
e-lothian12-ballots/e-lothian12-02.blt,D,A,D,D,NA,NA,NA,NA,NA,NA,NA,NA,NA
e-lothian12-ballots/e-lothian12-03.blt,C,C,C,C,C,C,NA,NA,NA,NA,NA,NA,NA
e-lothian12-ballots/e-lothian12-04.blt,D,D,D,D,D,D,NA,NA,NA,NA,NA,NA,NA
e-lothian12-ballots/e-lothian12-05.blt,B,B,B,B,B,NA,NA,NA,NA,NA,NA,NA,NA
e-lothian12-ballots/e-lothian12-06.blt,D,D,D,D,D,NA,NA,NA,NA,NA,NA,NA,NA
e-lothian12-ballots/e-lothian12-07.blt,D,B,D,D,D,NA,NA,NA,NA,NA,NA,NA,NA
e-lothian17-ballots/e-lothian17-01.blt,B,B,B,B,B,B,B,B,NA,NA,NA,NA,NA
e-lothian17-ballots/e-lothian17-02.blt,D,D,D,D,D,D,D,NA,NA,NA,NA,NA,NA
e-lothian17-ballots/e-lothian17-03.blt,A,G,A,A,A,A,A,NA,NA,NA,NA,NA,NA
e-lothian17-ballots/e-lothian17-04.blt,A,A,A,A,A,NA,NA,NA,NA,NA,NA,NA,NA
e-lothian17-ballots/e-lothian17-05.blt,C,E,C,C,C,C,NA,NA,NA,NA,NA,NA,NA
e-lothian17-ballots/e-lothian17-06.blt,C,C,C,C,C,NA,NA,NA,NA,NA,NA,NA,NA
e-lothian22/Ward1.blt,D,D,D,D,D,D,D,D,NA,NA,NA,NA,NA
e-lothian22/Ward2.blt,H,H,H,H,H,H,H,NA,NA,NA,NA,NA,NA
e-lothian22/Ward3.blt,A,A,A,A,A,A,A,A,NA,NA,NA,NA,NA
e-lothian22/Ward4.blt,G,G,E,G,G,G,G,NA,NA,NA,NA,NA,NA
e-lothian22/Ward5.blt,A,F,A,A,A,A,A,A,NA,NA,NA,NA,NA
e-lothian22/Ward6.blt,D,F,D,D,D,D,NA,NA,NA,NA,NA,NA,NA
e-renfs12-ballots/e-renfs12-01.blt,C,B,B,C,C,C,C,C,NA,NA,NA,NA,NA
e-renfs12-ballots/e-renfs12-02.blt,B,B,B,B,B,B,B,NA,NA,NA,NA,NA,NA
e-renfs12-ballots/e-renfs12-03.blt,A,A,A,A,NA,NA,NA,NA,NA,NA,NA,NA,NA
e-renfs12-ballots/e-renfs12-04.blt,E,D,E,E,NA,NA,NA,NA,NA,NA,NA,NA,NA
e-renfs12-ballots/e-renfs12-05.blt,G,G,G,G,G,G,NA,NA,NA,NA,NA,NA,NA
e-renfs12-ballots/e-renfs12-06.blt,D,D,D,D,D,NA,NA,NA,NA,NA,NA,NA,NA
e-renfs17-ballots/e-renfs17-1.blt,E,E,E,E,E,E,E,NA,NA,NA,NA,NA,NA
e-renfs17-ballots/e-renfs17-2.blt,C,C,C,C,C,C,C,C,NA,NA,NA,NA,NA
e-renfs17-ballots/e-renfs17-3.blt,I,F,I,I,I,I,I,I,NA,NA,NA,NA,NA
e-renfs17-ballots/e-renfs17-4.blt,G,G,G,G,G,G,G,G,G,G,NA,NA,NA
e-renfs17-ballots/e-renfs17-5.blt,H,H,H,H,H,H,H,NA,NA,NA,NA,NA,NA
e-renfs22 (pdfs)/ward1_copy.csv,E,E,E,E,E,E,E,NA,NA,NA,NA,NA,NA
e-renfs22 (pdfs)/ward2_copy.csv,A,A,A,A,A,A,A,NA,NA,NA,NA,NA,NA
e-renfs22 (pdfs)/ward3_copy.csv,B,B,B,B,B,B,NA,NA,NA,NA,NA,NA,NA
e-renfs22 (pdfs)/ward4_copy.csv,C,C,C,C,C,C,C,C,C,NA,NA,NA,NA
e-renfs22 (pdfs)/ward5_copy.csv,C,B,C,C,C,C,C,C,NA,NA,NA,NA,NA
edinburgh12-ballots/edinburgh12-01.blt,G,G,G,G,G,G,NA,NA,NA,NA,NA,NA,NA
edinburgh12-ballots/edinburgh12-02.blt,D,C,D,D,D,D,NA,NA,NA,NA,NA,NA,NA
edinburgh12-ballots/edinburgh12-03.blt,F,F,F,F,F,F,F,NA,NA,NA,NA,NA,NA
edinburgh12-ballots/edinburgh12-04.blt,B,B,B,B,B,B,B,B,NA,NA,NA,NA,NA
edinburgh12-ballots/edinburgh12-05.blt,D,D,D,D,D,D,NA,NA,NA,NA,NA,NA,NA
edinburgh12-ballots/edinburgh12-06.blt,B,A,B,B,B,NA,NA,NA,NA,NA,NA,NA,NA
edinburgh12-ballots/edinburgh12-07.blt,F,F,F,F,F,F,NA,NA,NA,NA,NA,NA,NA
edinburgh12-ballots/edinburgh12-08.blt,F,F,F,F,F,F,NA,NA,NA,NA,NA,NA,NA
edinburgh12-ballots/edinburgh12-09.blt,B,B,B,B,B,NA,NA,NA,NA,NA,NA,NA,NA
edinburgh12-ballots/edinburgh12-10.blt,F,G,F,F,F,F,NA,NA,NA,NA,NA,NA,NA
edinburgh12-ballots/edinburgh12-11.blt,F,E,F,F,F,NA,NA,NA,NA,NA,NA,NA,NA
edinburgh12-ballots/edinburgh12-12.blt,A,C,A,A,A,A,A,A,A,A,NA,NA,NA
edinburgh12-ballots/edinburgh12-13.blt,E,E,E,E,E,E,NA,NA,NA,NA,NA,NA,NA
edinburgh12-ballots/edinburgh12-14.blt,G,G,G,G,G,G,G,NA,NA,NA,NA,NA,NA
edinburgh12-ballots/edinburgh12-15.blt,B,B,B,B,B,B,B,NA,NA,NA,NA,NA,NA
edinburgh12-ballots/edinburgh12-16.blt,A,A,A,A,A,A,A,NA,NA,NA,NA,NA,NA
edinburgh12-ballots/edinburgh12-17.blt,B,B,B,B,B,B,B,NA,NA,NA,NA,NA,NA
edinburgh17-ballots/edinburgh17-01.blt,D,D,D,D,D,D,D,D,D,NA,NA,NA,NA
edinburgh17-ballots/edinburgh17-02.blt,A,A,A,A,A,A,NA,NA,NA,NA,NA,NA,NA
edinburgh17-ballots/edinburgh17-03.blt,A,A,A,A,NA,NA,NA,NA,NA,NA,NA,NA,NA
edinburgh17-ballots/edinburgh17-04.blt,A,B,A,A,A,A,A,NA,NA,NA,NA,NA,NA
edinburgh17-ballots/edinburgh17-05.blt,F,E,E,E,F,F,F,NA,NA,NA,NA,NA,NA
edinburgh17-ballots/edinburgh17-06.blt,B,A,B,B,B,B,NA,NA,NA,NA,NA,NA,NA
edinburgh17-ballots/edinburgh17-07.blt,B,C,B,B,B,B,B,B,NA,NA,NA,NA,NA
edinburgh17-ballots/edinburgh17-08.blt,E,E,E,E,E,NA,NA,NA,NA,NA,NA,NA,NA
edinburgh17-ballots/edinburgh17-09.blt,A,B,A,A,A,NA,NA,NA,NA,NA,NA,NA,NA
edinburgh17-ballots/edinburgh17-10.blt,D,A,D,D,D,NA,NA,NA,NA,NA,NA,NA,NA
edinburgh17-ballots/edinburgh17-11.blt,B,C,B,B,B,NA,NA,NA,NA,NA,NA,NA,NA
edinburgh17-ballots/edinburgh17-12.blt,H,G,H,H,H,H,H,H,H,NA,NA,NA,NA
edinburgh17-ballots/edinburgh17-13.blt,C,C,C,C,NA,NA,NA,NA,NA,NA,NA,NA,NA
edinburgh17-ballots/edinburgh17-14.blt,A,F,A,A,A,A,A,NA,NA,NA,NA,NA,NA
edinburgh17-ballots/edinburgh17-15.blt,A,E,A,A,NA,NA,NA,NA,NA,NA,NA,NA,NA
edinburgh17-ballots/edinburgh17-16.blt,A,A,A,A,A,A,NA,NA,NA,NA,NA,NA,NA
edinburgh17-ballots/edinburgh17-17.blt,D,D,D,D,D,D,NA,NA,NA,NA,NA,NA,NA
edinburgh22/ward1.blt,F,F,F,F,F,F,F,F,NA,NA,NA,NA,NA
edinburgh22/ward10.blt,E,G,E,E,E,E,NA,NA,NA,NA,NA,NA,NA
edinburgh22/ward11.blt,G,H,G,G,G,G,G,G,G,G,G,G,NA
edinburgh22/ward12.blt,I,I,I,I,I,I,I,I,I,I,I,NA,NA
edinburgh22/ward13.blt,F,F,F,F,F,F,F,NA,NA,NA,NA,NA,NA
edinburgh22/ward14.blt,A,D,A,A,A,NA,NA,NA,NA,NA,NA,NA,NA
edinburgh22/ward15.blt,D,D,A,D,NA,NA,NA,NA,NA,NA,NA,NA,NA
edinburgh22/ward16.blt,A,A,A,A,A,A,A,A,A,NA,NA,NA,NA
edinburgh22/ward17.blt,A,A,A,A,A,A,A,A,NA,NA,NA,NA,NA
edinburgh22/ward2.blt,D,A,A,A,D,D,D,D,NA,NA,NA,NA,NA
edinburgh22/ward3.blt,A,A,A,A,A,A,A,NA,NA,NA,NA,NA,NA
edinburgh22/ward4.blt,D,D,D,D,D,D,D,NA,NA,NA,NA,NA,NA
edinburgh22/ward5.blt,I,I,I,I,I,I,I,I,I,NA,NA,NA,NA
edinburgh22/ward6.blt,A,A,A,A,A,A,NA,NA,NA,NA,NA,NA,NA
edinburgh22/ward7.blt,B,G,B,B,B,B,B,NA,NA,NA,NA,NA,NA
edinburgh22/ward8.blt,A,A,A,A,A,A,NA,NA,NA,NA,NA,NA,NA
edinburgh22/ward9.blt,G,A,G,G,G,G,NA,NA,NA,NA,NA,NA,NA
eilean-siar12-ballots/eilean-siar12-01.blt,I,I,I,I,I,I,I,I,I,I,NA,NA,NA
eilean-siar12-ballots/eilean-siar12-02.blt,D,D,D,D,D,NA,NA,NA,NA,NA,NA,NA,NA
eilean-siar12-ballots/eilean-siar12-03.blt,A,A,A,NA,NA,NA,NA,NA,NA,NA,NA,NA,NA
eilean-siar12-ballots/eilean-siar12-04.blt,F,C,F,F,F,F,NA,NA,NA,NA,NA,NA,NA
eilean-siar12-ballots/eilean-siar12-05.blt,C,G,G,C,C,C,NA,NA,NA,NA,NA,NA,NA
eilean-siar12-ballots/eilean-siar12-06.blt,G,G,G,G,G,G,NA,NA,NA,NA,NA,NA,NA
eilean-siar12-ballots/eilean-siar12-07.blt,F,F,F,F,F,F,F,F,F,NA,NA,NA,NA
eilean-siar12-ballots/eilean-siar12-08.blt,E,A,A,E,NA,NA,NA,NA,NA,NA,NA,NA,NA
eilean-siar12-ballots/eilean-siar12-09.blt,E,E,E,E,E,NA,NA,NA,NA,NA,NA,NA,NA
eilean-siar17-ballots/eilean-siar17-01.blt,F,F,F,F,F,F,F,NA,NA,NA,NA,NA,NA
eilean-siar17-ballots/eilean-siar17-02.blt,G,G,G,G,G,G,G,NA,NA,NA,NA,NA,NA
eilean-siar17-ballots/eilean-siar17-03.blt,A,A,A,A,A,A,A,A,NA,NA,NA,NA,NA
eilean-siar17-ballots/eilean-siar17-04.blt,D,D,D,NA,NA,NA,NA,NA,NA,NA,NA,NA,NA
eilean-siar17-ballots/eilean-siar17-05.blt,C,B,C,C,C,NA,NA,NA,NA,NA,NA,NA,NA
eilean-siar17-ballots/eilean-siar17-06.blt,H,H,H,H,H,H,H,NA,NA,NA,NA,NA,NA
eilean-siar17-ballots/eilean-siar17-07.blt,C,E,E,C,NA,NA,NA,NA,NA,NA,NA,NA,NA
eilean-siar17-ballots/eilean-siar17-08.blt,A,A,A,A,A,NA,NA,NA,NA,NA,NA,NA,NA
eilean-siar17-ballots/eilean-siar17-09.blt,C,C,C,C,C,NA,NA,NA,NA,NA,NA,NA,NA
eilean-siar22/ward_03_preferenceprofile.txt,B,B,NA,NA,NA,NA,NA,NA,NA,NA,NA,NA,NA
eilean-siar22/ward_04_preferenceprofile.txt,B,B,NA,NA,NA,NA,NA,NA,NA,NA,NA,NA,NA
eilean-siar22/ward_05_preferenceprofile.txt,C,C,C,NA,NA,NA,NA,NA,NA,NA,NA,NA,NA
eilean-siar22/ward02_preferenceprofile.txt,F,F,F,F,F,F,F,NA,NA,NA,NA,NA,NA
eilean-siar22/ward07_preferenceprofile.txt,C,C,C,C,C,NA,NA,NA,NA,NA,NA,NA,NA
eilean-siar22/ward08_preferenceprofile.txt,A,A,A,A,NA,NA,NA,NA,NA,NA,NA,NA,NA
eilean-siar22/ward09_preferenceprofile.txt,D,J,D,D,D,D,D,D,D,NA,NA,NA,NA
eilean-siar22/ward10_preferenceprofile.txt,G,G,G,G,G,G,NA,NA,NA,NA,NA,NA,NA
falkirk12-ballots/falkirk12-01.blt,D,D,D,D,NA,NA,NA,NA,NA,NA,NA,NA,NA
falkirk12-ballots/falkirk12-02.blt,B,B,B,B,B,B,B,NA,NA,NA,NA,NA,NA
falkirk12-ballots/falkirk12-03.blt,F,F,F,F,F,F,F,NA,NA,NA,NA,NA,NA
falkirk12-ballots/falkirk12-04.blt,D,D,D,D,NA,NA,NA,NA,NA,NA,NA,NA,NA
falkirk12-ballots/falkirk12-05.blt,B,B,B,B,B,NA,NA,NA,NA,NA,NA,NA,NA
falkirk12-ballots/falkirk12-06.blt,A,A,A,A,NA,NA,NA,NA,NA,NA,NA,NA,NA
falkirk12-ballots/falkirk12-07.blt,B,B,B,B,B,B,NA,NA,NA,NA,NA,NA,NA
falkirk12-ballots/falkirk12-08.blt,C,C,C,NA,NA,NA,NA,NA,NA,NA,NA,NA,NA
falkirk12-ballots/falkirk12-09.blt,B,B,B,B,NA,NA,NA,NA,NA,NA,NA,NA,NA
falkirk17-ballots/falkirk17-01.blt,F,F,F,F,F,NA,NA,NA,NA,NA,NA,NA,NA
falkirk17-ballots/falkirk17-02.blt,A,A,A,A,A,NA,NA,NA,NA,NA,NA,NA,NA
falkirk17-ballots/falkirk17-03.blt,D,D,D,D,D,D,D,D,D,NA,NA,NA,NA
falkirk17-ballots/falkirk17-04.blt,B,D,B,B,B,B,NA,NA,NA,NA,NA,NA,NA
falkirk17-ballots/falkirk17-05.blt,B,B,B,B,B,NA,NA,NA,NA,NA,NA,NA,NA
falkirk17-ballots/falkirk17-06.blt,A,A,A,A,A,NA,NA,NA,NA,NA,NA,NA,NA
falkirk17-ballots/falkirk17-07.blt,A,A,A,NA,NA,NA,NA,NA,NA,NA,NA,NA,NA
falkirk17-ballots/falkirk17-08.blt,F,F,F,F,F,F,F,NA,NA,NA,NA,NA,NA
falkirk17-ballots/falkirk17-09.blt,D,D,D,D,D,D,NA,NA,NA,NA,NA,NA,NA
falkirk22/ward1.csv,F,F,F,F,F,NA,NA,NA,NA,NA,NA,NA,NA
falkirk22/ward2.csv,A,A,A,A,A,A,A,NA,NA,NA,NA,NA,NA
falkirk22/ward3.csv,B,B,B,B,B,B,NA,NA,NA,NA,NA,NA,NA
falkirk22/ward4.csv,B,B,B,B,B,B,NA,NA,NA,NA,NA,NA,NA
falkirk22/ward5.csv,A,A,A,A,A,NA,NA,NA,NA,NA,NA,NA,NA
falkirk22/ward6.csv,F,F,F,F,F,F,NA,NA,NA,NA,NA,NA,NA
falkirk22/ward7.csv,A,A,A,A,A,NA,NA,NA,NA,NA,NA,NA,NA
falkirk22/ward8.csv,C,C,C,C,C,C,NA,NA,NA,NA,NA,NA,NA
falkirk22/ward9.csv,G,G,G,G,G,G,G,G,NA,NA,NA,NA,NA
fife12-ballots/fife12-01.blt,B,B,B,B,B,B,B,NA,NA,NA,NA,NA,NA
fife12-ballots/fife12-02.blt,C,D,C,C,NA,NA,NA,NA,NA,NA,NA,NA,NA
fife12-ballots/fife12-03.blt,C,C,C,C,C,C,NA,NA,NA,NA,NA,NA,NA
fife12-ballots/fife12-04.blt,F,F,F,F,F,F,NA,NA,NA,NA,NA,NA,NA
fife12-ballots/fife12-05.blt,A,B,A,A,A,A,A,NA,NA,NA,NA,NA,NA
fife12-ballots/fife12-06.blt,D,D,D,D,D,D,NA,NA,NA,NA,NA,NA,NA
fife12-ballots/fife12-07.blt,F,F,F,F,F,NA,NA,NA,NA,NA,NA,NA,NA
fife12-ballots/fife12-08.blt,D,D,D,D,D,NA,NA,NA,NA,NA,NA,NA,NA
fife12-ballots/fife12-09.blt,B,B,B,B,NA,NA,NA,NA,NA,NA,NA,NA,NA
fife12-ballots/fife12-10.blt,B,B,B,B,B,B,B,B,NA,NA,NA,NA,NA
fife12-ballots/fife12-11.blt,A,A,A,A,A,A,NA,NA,NA,NA,NA,NA,NA
fife12-ballots/fife12-12.blt,A,A,A,A,A,NA,NA,NA,NA,NA,NA,NA,NA
fife12-ballots/fife12-13.blt,A,A,A,A,A,A,NA,NA,NA,NA,NA,NA,NA
fife12-ballots/fife12-14.blt,C,C,C,C,C,C,C,C,C,NA,NA,NA,NA
fife12-ballots/fife12-15.blt,B,C,C,B,B,B,B,NA,NA,NA,NA,NA,NA
fife12-ballots/fife12-16.blt,F,F,F,F,B,F,NA,NA,NA,NA,NA,NA,NA
fife12-ballots/fife12-17.blt,B,B,B,B,B,B,NA,NA,NA,NA,NA,NA,NA
fife12-ballots/fife12-18.blt,A,B,A,A,NA,NA,NA,NA,NA,NA,NA,NA,NA
fife12-ballots/fife12-19.blt,D,E,D,D,D,D,D,D,NA,NA,NA,NA,NA
fife12-ballots/fife12-20.blt,D,D,D,D,D,NA,NA,NA,NA,NA,NA,NA,NA
fife12-ballots/fife12-21.blt,E,E,E,E,NA,NA,NA,NA,NA,NA,NA,NA,NA
fife12-ballots/fife12-22.blt,B,B,D,B,B,B,B,NA,NA,NA,NA,NA,NA
fife12-ballots/fife12-23.blt,A,A,A,A,A,A,A,A,NA,NA,NA,NA,NA
fife17-ballots/fife17-01.blt,B,B,B,B,B,B,B,NA,NA,NA,NA,NA,NA
fife17-ballots/fife17-02.blt,G,B,C,G,G,G,NA,NA,NA,NA,NA,NA,NA
fife17-ballots/fife17-03.blt,H,A,C,H,H,H,H,H,NA,NA,NA,NA,NA
fife17-ballots/fife17-04.blt,G,F,G,G,G,G,NA,NA,NA,NA,NA,NA,NA
fife17-ballots/fife17-05.blt,G,E,G,G,G,G,G,G,NA,NA,NA,NA,NA
fife17-ballots/fife17-06.blt,C,C,C,C,C,C,NA,NA,NA,NA,NA,NA,NA
fife17-ballots/fife17-07.blt,C,C,C,C,C,C,NA,NA,NA,NA,NA,NA,NA
fife17-ballots/fife17-08.blt,A,A,A,A,A,A,NA,NA,NA,NA,NA,NA,NA
fife17-ballots/fife17-09.blt,A,D,A,A,A,A,A,A,A,NA,NA,NA,NA
fife17-ballots/fife17-10.blt,A,A,A,A,A,A,NA,NA,NA,NA,NA,NA,NA
fife17-ballots/fife17-11.blt,A,D,A,A,A,A,A,A,NA,NA,NA,NA,NA
fife17-ballots/fife17-12.blt,C,A,C,C,C,C,C,C,NA,NA,NA,NA,NA
fife17-ballots/fife17-13.blt,E,E,E,E,E,E,E,NA,NA,NA,NA,NA,NA
fife17-ballots/fife17-14.blt,C,C,C,C,C,C,C,C,NA,NA,NA,NA,NA
fife17-ballots/fife17-15.blt,I,I,I,I,I,I,I,I,I,NA,NA,NA,NA
fife17-ballots/fife17-16.blt,E,E,E,E,E,E,NA,NA,NA,NA,NA,NA,NA
fife17-ballots/fife17-17.blt,A,A,A,A,A,A,NA,NA,NA,NA,NA,NA,NA
fife17-ballots/fife17-18.blt,C,C,C,C,C,C,C,C,C,NA,NA,NA,NA
fife17-ballots/fife17-19.blt,G,F,G,G,G,G,NA,NA,NA,NA,NA,NA,NA
fife17-ballots/fife17-20.blt,B,B,B,B,B,NA,NA,NA,NA,NA,NA,NA,NA
fife17-ballots/fife17-21.blt,B,B,B,B,B,B,B,NA,NA,NA,NA,NA,NA
fife17-ballots/fife17-22.blt,F,F,F,F,F,F,F,F,F,NA,NA,NA,NA
fife22/PreferenceProfile_V0001_Ward-1-West-Fife-and-Coastal-Villages_06052022_145537.blt,B,B,B,B,B,B,B,B,B,NA,NA,NA,NA
fife22/PreferenceProfile_V0001_Ward-10-Kirkcaldy-North_06052022_151928.blt,F,F,F,F,F,F,F,NA,NA,NA,NA,NA,NA
fife22/PreferenceProfile_V0001_Ward-11-Kirkcaldy-Central_06052022_145551.blt,D,A,B,B,D,D,NA,NA,NA,NA,NA,NA,NA
fife22/PreferenceProfile_V0001_Ward-12-Kirkcaldy-East_06052022_151925.blt,A,A,A,A,A,A,A,NA,NA,NA,NA,NA,NA
fife22/PreferenceProfile_V0001_Ward-13-Glenrothes-West-and-Kinglassie_06052022_145551.blt,C,C,C,C,C,NA,NA,NA,NA,NA,NA,NA,NA
fife22/PreferenceProfile_V0001_Ward-14-Glenrothes-North-Leslie-and-Markinch_06052022_151925.blt,A,A,A,A,A,A,A,NA,NA,NA,NA,NA,NA
fife22/PreferenceProfile_V0001_Ward-15-Glenrothes-Central-and-Thornton_06052022_145551.blt,G,G,G,G,G,G,G,NA,NA,NA,NA,NA,NA
fife22/PreferenceProfile_V0001_Ward-16-Howe-Of-Fife-and-Tay-Coast_06052022_151928.blt,F,G,F,F,F,F,NA,NA,NA,NA,NA,NA,NA
fife22/PreferenceProfile_V0001_Ward-17-Tay-Bridgehead_06052022_145551.blt,G,C,G,G,G,G,G,NA,NA,NA,NA,NA,NA
fife22/PreferenceProfile_V0001_Ward-18-St.-Andrews_06052022_151928.blt,E,E,E,E,E,NA,NA,NA,NA,NA,NA,NA,NA
fife22/PreferenceProfile_V0001_Ward-19-East-Neuk-and-Landward_06052022_145551.blt,A,A,A,A,A,A,A,NA,NA,NA,NA,NA,NA
fife22/PreferenceProfile_V0001_Ward-2-Dunfermline-North_06052022_151927.blt,G,G,G,G,G,G,G,NA,NA,NA,NA,NA,NA
fife22/PreferenceProfile_V0001_Ward-20-Cupar_06052022_151928.blt,G,G,G,G,G,G,G,G,NA,NA,NA,NA,NA
fife22/PreferenceProfile_V0001_Ward-21-Leven-Kennoway-and-Largo_06052022_145552.blt,A,A,A,A,A,A,A,NA,NA,NA,NA,NA,NA
fife22/PreferenceProfile_V0001_Ward-22-Buckhaven-Methil-and-Wemyss-Villages_06052022_151928.blt,D,D,D,D,D,D,D,NA,NA,NA,NA,NA,NA
fife22/PreferenceProfile_V0001_Ward-3-Dunfermline-Central_06052022_145551.blt,A,A,C,A,A,A,A,A,NA,NA,NA,NA,NA
fife22/PreferenceProfile_V0001_Ward-4-Dunfermline-South_06052022_151924.blt,E,C,B,B,B,E,E,E,E,NA,NA,NA,NA
fife22/PreferenceProfile_V0001_Ward-5-Rosyth_06052022_145544.blt,A,I,A,A,A,A,A,A,NA,NA,NA,NA,NA
fife22/PreferenceProfile_V0001_Ward-6-Inverkeithing-and-Dalgety-Bay_06052022_151927.blt,A,A,A,A,A,A,A,NA,NA,NA,NA,NA,NA
fife22/PreferenceProfile_V0001_Ward-7-Cowdenbeath_06052022_145532.blt,C,C,C,C,C,C,C,C,NA,NA,NA,NA,NA
fife22/PreferenceProfile_V0001_Ward-8-Lochgelly-Cardenden-and-Benarty_06052022_151928.blt,B,B,B,B,B,B,B,NA,NA,NA,NA,NA,NA
fife22/PreferenceProfile_V0001_Ward-9-Burntisland-Kinghorn-and-Western-Kirkcaldy_06052022_145551.blt,G,A,G,G,G,G,G,G,NA,NA,NA,NA,NA
glasgow12/glasgow12-01.blt,B,B,B,B,B,B,B,B,NA,NA,NA,NA,NA
glasgow12/glasgow12-02.blt,C,C,C,C,C,C,C,C,C,C,NA,NA,NA
glasgow12/glasgow12-03.blt,B,B,B,B,B,B,B,B,B,B,NA,NA,NA
glasgow12/glasgow12-04.blt,B,B,B,B,B,B,B,B,B,NA,NA,NA,NA
glasgow12/glasgow12-05.blt,A,A,A,A,A,A,A,A,A,A,A,A,A
glasgow12/glasgow12-06.blt,C,H,C,C,C,C,C,NA,NA,NA,NA,NA,NA
glasgow12/glasgow12-07-recalc.blt,D,D,D,D,D,D,D,NA,NA,NA,NA,NA,NA
glasgow12/glasgow12-08.blt,I,I,I,I,I,I,I,I,I,NA,NA,NA,NA
glasgow12/glasgow12-09.blt,I,I,I,I,I,I,I,I,I,I,I,I,NA
glasgow12/glasgow12-10.blt,C,C,C,C,C,C,C,C,C,C,NA,NA,NA
glasgow12/glasgow12-11.blt,A,A,A,A,A,A,A,A,A,A,A,A,NA
glasgow12/glasgow12-12.blt,D,D,E,D,D,D,D,D,D,D,D,D,NA
glasgow12/glasgow12-13.blt,A,A,I,A,A,A,A,A,A,A,A,A,NA
glasgow12/glasgow12-14.blt,B,B,B,B,B,B,B,B,B,B,NA,NA,NA
glasgow12/glasgow12-15.blt,F,F,F,F,F,F,F,NA,NA,NA,NA,NA,NA
glasgow12/glasgow12-16.blt,E,E,E,E,E,E,E,E,E,E,E,NA,NA
glasgow12/glasgow12-17.blt,C,C,C,C,C,C,C,C,C,NA,NA,NA,NA
glasgow12/glasgow12-18.blt,C,C,C,C,C,C,C,C,C,C,NA,NA,NA
glasgow12/glasgow12-19.blt,B,B,B,B,B,B,B,B,B,NA,NA,NA,NA
glasgow12/glasgow12-20.blt,B,B,B,B,B,B,B,B,B,NA,NA,NA,NA
glasgow12/glasgow12-21.blt,B,B,B,B,B,B,B,B,NA,NA,NA,NA,NA
glasgow17-ballots/glasgow17-001.blt,G,G,E,G,G,G,G,G,G,G,G,NA,NA
glasgow17-ballots/glasgow17-002.blt,C,C,C,C,C,C,NA,NA,NA,NA,NA,NA,NA
glasgow17-ballots/glasgow17-003.blt,E,E,E,E,E,E,E,E,E,NA,NA,NA,NA
glasgow17-ballots/glasgow17-004.blt,D,D,B,D,D,D,D,D,D,NA,NA,NA,NA
glasgow17-ballots/glasgow17-005.blt,D,F,D,D,D,D,D,D,D,NA,NA,NA,NA
glasgow17-ballots/glasgow17-006.blt,C,C,C,C,C,C,C,NA,NA,NA,NA,NA,NA
glasgow17-ballots/glasgow17-007.blt,A,A,A,A,A,A,A,A,NA,NA,NA,NA,NA
glasgow17-ballots/glasgow17-008.blt,F,I,I,F,F,F,F,F,F,NA,NA,NA,NA
glasgow17-ballots/glasgow17-009.blt,B,B,B,B,B,B,B,B,NA,NA,NA,NA,NA
glasgow17-ballots/glasgow17-010.blt,A,A,A,A,A,A,A,A,NA,NA,NA,NA,NA
glasgow17-ballots/glasgow17-011.blt,G,G,A,A,A,G,G,NA,NA,NA,NA,NA,NA
glasgow17-ballots/glasgow17-012.blt,B,B,B,B,B,B,NA,NA,NA,NA,NA,NA,NA
glasgow17-ballots/glasgow17-013.blt,D,B,B,D,D,D,D,D,D,NA,NA,NA,NA
glasgow17-ballots/glasgow17-014.blt,A,B,B,A,A,A,A,A,A,NA,NA,NA,NA
glasgow17-ballots/glasgow17-015.blt,D,D,D,D,D,D,NA,NA,NA,NA,NA,NA,NA
glasgow17-ballots/glasgow17-016.blt,B,B,B,B,B,B,B,B,B,B,NA,NA,NA
glasgow17-ballots/glasgow17-017.blt,F,F,F,F,F,F,F,F,F,NA,NA,NA,NA
glasgow17-ballots/glasgow17-018.blt,A,D,D,A,A,A,A,A,NA,NA,NA,NA,NA
glasgow17-ballots/glasgow17-019.blt,I,I,I,I,I,I,I,I,I,I,I,NA,NA
glasgow17-ballots/glasgow17-020.blt,A,A,A,A,A,A,A,A,NA,NA,NA,NA,NA
glasgow17-ballots/glasgow17-021.blt,E,B,E,E,E,B,E,NA,NA,NA,NA,NA,NA
glasgow17-ballots/glasgow17-022.blt,A,A,A,A,A,A,NA,NA,NA,NA,NA,NA,NA
glasgow17-ballots/glasgow17-023.blt,D,D,D,D,D,D,NA,NA,NA,NA,NA,NA,NA
glasgow22/Ward1.blt,B,B,B,B,B,B,B,B,NA,NA,NA,NA,NA
glasgow22/Ward10.blt,B,G,B,B,B,B,B,B,B,NA,NA,NA,NA
glasgow22/Ward11.blt,F,F,F,F,F,NA,NA,NA,NA,NA,NA,NA,NA
glasgow22/Ward12.blt,C,C,C,C,C,NA,NA,NA,NA,NA,NA,NA,NA
glasgow22/Ward13.blt,A,A,A,A,A,A,A,NA,NA,NA,NA,NA,NA
glasgow22/Ward14.blt,A,A,A,A,A,A,A,A,A,NA,NA,NA,NA
glasgow22/Ward15.blt,G,F,G,G,G,G,G,NA,NA,NA,NA,NA,NA
glasgow22/Ward16.blt,A,A,B,A,A,A,A,A,A,NA,NA,NA,NA
glasgow22/Ward17.blt,D,D,D,D,D,D,D,NA,NA,NA,NA,NA,NA
glasgow22/Ward18.blt,E,E,E,E,E,E,E,E,E,E,NA,NA,NA
glasgow22/Ward19.blt,D,B,D,D,D,D,D,NA,NA,NA,NA,NA,NA
glasgow22/Ward2.blt,A,C,C,A,A,A,A,A,A,NA,NA,NA,NA
glasgow22/Ward20.blt,E,E,E,E,E,E,NA,NA,NA,NA,NA,NA,NA
glasgow22/Ward21.blt,A,A,A,A,A,A,A,NA,NA,NA,NA,NA,NA
glasgow22/Ward22.blt,B,G,B,B,B,B,NA,NA,NA,NA,NA,NA,NA
glasgow22/Ward23.blt,C,C,C,C,C,C,C,C,NA,NA,NA,NA,NA
glasgow22/Ward3.blt,A,A,A,A,A,A,A,A,A,A,NA,NA,NA
glasgow22/Ward4.blt,D,F,D,D,D,D,D,D,NA,NA,NA,NA,NA
glasgow22/Ward5.blt,B,A,A,B,B,B,B,B,B,B,NA,NA,NA
glasgow22/Ward6.blt,F,F,B,B,F,F,F,F,F,NA,NA,NA,NA
glasgow22/Ward7.blt,B,B,B,B,B,B,B,B,NA,NA,NA,NA,NA
glasgow22/Ward8.blt,A,A,A,A,A,A,A,A,A,NA,NA,NA,NA
glasgow22/Ward9.blt,B,B,D,B,B,B,B,B,NA,NA,NA,NA,NA
highland12-ballots/highland12-01.blt,F,A,A,F,F,F,F,F,NA,NA,NA,NA,NA
highland12-ballots/highland12-02.blt,C,C,C,C,C,C,NA,NA,NA,NA,NA,NA,NA
highland12-ballots/highland12-03.blt,C,C,C,C,NA,NA,NA,NA,NA,NA,NA,NA,NA
highland12-ballots/highland12-04.blt,E,E,E,E,E,E,E,NA,NA,NA,NA,NA,NA
highland12-ballots/highland12-05.blt,C,C,C,C,C,C,NA,NA,NA,NA,NA,NA,NA
highland12-ballots/highland12-06.blt,A,A,A,A,A,A,NA,NA,NA,NA,NA,NA,NA
highland12-ballots/highland12-07.blt,H,H,H,H,H,H,H,NA,NA,NA,NA,NA,NA
highland12-ballots/highland12-08.blt,C,C,C,C,C,C,C,NA,NA,NA,NA,NA,NA
highland12-ballots/highland12-09.blt,J,J,J,J,J,J,J,J,J,NA,NA,NA,NA
highland12-ballots/highland12-10.blt,B,B,B,B,B,B,B,B,B,NA,NA,NA,NA
highland12-ballots/highland12-11.csv,C,C,C,C,C,C,NA,NA,NA,NA,NA,NA,NA
highland12-ballots/highland12-12.blt,B,B,B,B,B,B,B,NA,NA,NA,NA,NA,NA
highland12-ballots/highland12-13.blt,C,C,C,C,C,C,C,NA,NA,NA,NA,NA,NA
highland12-ballots/highland12-14.blt,H,D,D,H,H,H,H,NA,NA,NA,NA,NA,NA
highland12-ballots/highland12-15.blt,A,A,A,A,A,A,NA,NA,NA,NA,NA,NA,NA
highland12-ballots/highland12-16.blt,B,F,A,A,B,B,NA,NA,NA,NA,NA,NA,NA
highland12-ballots/highland12-17.blt,B,B,B,B,B,NA,NA,NA,NA,NA,NA,NA,NA
highland12-ballots/highland12-18.blt,A,A,A,A,A,A,A,A,NA,NA,NA,NA,NA
highland12-ballots/highland12-19.blt,F,F,F,F,F,F,F,NA,NA,NA,NA,NA,NA
highland12-ballots/highland12-20.blt,D,F,F,D,D,D,D,NA,NA,NA,NA,NA,NA
highland12-ballots/highland12-21.blt,A,A,A,A,A,A,NA,NA,NA,NA,NA,NA,NA
highland12-ballots/highland12-22.blt,A,A,D,D,A,A,A,NA,NA,NA,NA,NA,NA
highland17-ballots/highland17-01.blt,D,H,D,D,D,D,D,NA,NA,NA,NA,NA,NA
highland17-ballots/highland17-02.blt,G,G,G,G,G,G,G,G,NA,NA,NA,NA,NA
highland17-ballots/highland17-03.blt,E,E,E,E,E,E,E,E,NA,NA,NA,NA,NA
highland17-ballots/highland17-04.blt,D,D,D,D,D,D,NA,NA,NA,NA,NA,NA,NA
highland17-ballots/highland17-05.blt,B,G,C,B,B,B,B,NA,NA,NA,NA,NA,NA
highland17-ballots/highland17-06.blt,I,I,I,I,I,I,I,I,NA,NA,NA,NA,NA
highland17-ballots/highland17-07.blt,D,B,D,D,D,NA,NA,NA,NA,NA,NA,NA,NA
highland17-ballots/highland17-08.blt,F,D,D,F,F,F,NA,NA,NA,NA,NA,NA,NA
highland17-ballots/highland17-09.blt,A,C,C,A,A,A,NA,NA,NA,NA,NA,NA,NA
highland17-ballots/highland17-10.blt,B,B,B,B,B,B,B,B,B,B,B,NA,NA
highland17-ballots/highland17-11.blt,B,B,B,B,B,B,NA,NA,NA,NA,NA,NA,NA
highland17-ballots/highland17-12.blt,D,D,D,D,D,D,NA,NA,NA,NA,NA,NA,NA
highland17-ballots/highland17-13.blt,D,D,D,D,D,D,NA,NA,NA,NA,NA,NA,NA
highland17-ballots/highland17-14.blt,E,E,E,E,E,E,E,NA,NA,NA,NA,NA,NA
highland17-ballots/highland17-15.blt,A,A,A,A,A,NA,NA,NA,NA,NA,NA,NA,NA
highland17-ballots/highland17-16.blt,C,C,C,C,C,C,NA,NA,NA,NA,NA,NA,NA
highland17-ballots/highland17-17.blt,A,A,B,A,A,A,A,NA,NA,NA,NA,NA,NA
highland17-ballots/highland17-18.blt,E,E,E,E,E,E,E,E,E,NA,NA,NA,NA
highland17-ballots/highland17-19.blt,E,E,E,E,E,E,E,NA,NA,NA,NA,NA,NA
highland17-ballots/highland17-20.blt,F,A,F,F,F,F,F,NA,NA,NA,NA,NA,NA
highland17-ballots/highland17-21.blt,B,B,B,B,B,B,NA,NA,NA,NA,NA,NA,NA
highland22/PreferenceProfile_V0001_Aird_and_Loch_Ness_06052022_161539.blt,D,F,D,D,D,D,NA,NA,NA,NA,NA,NA,NA
highland22/PreferenceProfile_V0001_Badenoch_and_Strathspey_06052022_161540.blt,F,F,F,F,F,F,F,NA,NA,NA,NA,NA,NA
highland22/PreferenceProfile_V0001_Black_Isle_06052022_161539.blt,D,C,C,C,C,D,D,NA,NA,NA,NA,NA,NA
highland22/PreferenceProfile_V0001_Cromarty_Firth_06052022_161538.blt,F,B,F,F,F,F,F,F,NA,NA,NA,NA,NA
highland22/PreferenceProfile_V0001_Culloden_and_Ardersier_06052022_161539.blt,B,B,B,B,B,B,NA,NA,NA,NA,NA,NA,NA
highland22/PreferenceProfile_V0001_Dingwall_and_Seaforth_06052022_161539.blt,D,D,D,D,D,D,NA,NA,NA,NA,NA,NA,NA
highland22/PreferenceProfile_V0001_East_Sutherland_and_Edderton_06052022_161530.blt,C,C,C,C,NA,NA,NA,NA,NA,NA,NA,NA,NA
highland22/PreferenceProfile_V0001_Eilean_a__Che___06052022_161539.blt,B,B,B,B,B,B,B,B,NA,NA,NA,NA,NA
highland22/PreferenceProfile_V0001_Fort_William_and_Ardnamurchan_06052022_161540.blt,C,C,C,C,NA,NA,NA,NA,NA,NA,NA,NA,NA
highland22/PreferenceProfile_V0001_Inverness_Central_06052022_161539.blt,B,F,B,B,B,B,B,B,B,NA,NA,NA,NA
highland22/PreferenceProfile_V0001_Inverness_Millburn_06052022_161539.blt,B,A,A,NA,NA,NA,NA,NA,NA,NA,NA,NA,NA
highland22/PreferenceProfile_V0001_Inverness_Ness_side_06052022_161539.blt,A,A,A,A,A,A,NA,NA,NA,NA,NA,NA,NA
highland22/PreferenceProfile_V0001_Inverness_South_06052022_161540.blt,D,D,D,D,D,D,NA,NA,NA,NA,NA,NA,NA
highland22/PreferenceProfile_V0001_Inverness_West_06052022_161539.blt,E,E,E,E,E,E,E,E,NA,NA,NA,NA,NA
highland22/PreferenceProfile_V0001_Nairn_and_Cawdor_06052022_161539.blt,B,F,B,B,B,B,B,NA,NA,NA,NA,NA,NA
highland22/PreferenceProfile_V0001_North_West_and_Central_Sutherland_06052022_161534.blt,C,C,C,C,C,C,NA,NA,NA,NA,NA,NA,NA
highland22/PreferenceProfile_V0001_Tain_and_Easter_Ross_06052022_161537.blt,D,A,D,D,NA,NA,NA,NA,NA,NA,NA,NA,NA
highland22/PreferenceProfile_V0001_Thurso_and_Northwest_Caithness_06052022_161528.blt,C,C,C,C,C,NA,NA,NA,NA,NA,NA,NA,NA
highland22/PreferenceProfile_V0001_Wester_Ross_Strathpeffer_and_Lochalsh_06052022_161539.blt,B,B,B,B,NA,NA,NA,NA,NA,NA,NA,NA,NA
highland22/PreferenceProfile_V0001_Wick_and_East_Caithness_06052022_161532.blt,F,F,F,F,F,NA,NA,NA,NA,NA,NA,NA,NA
inverclyde12-ballots/inverclyde12-01.blt,B,B,B,B,NA,NA,NA,NA,NA,NA,NA,NA,NA
inverclyde12-ballots/inverclyde12-02.blt,C,C,C,C,C,NA,NA,NA,NA,NA,NA,NA,NA
inverclyde12-ballots/inverclyde12-03.blt,A,A,A,A,A,A,NA,NA,NA,NA,NA,NA,NA
inverclyde12-ballots/inverclyde12-04.blt,E,E,E,E,E,NA,NA,NA,NA,NA,NA,NA,NA
inverclyde12-ballots/inverclyde12-05.blt,A,A,A,A,A,A,NA,NA,NA,NA,NA,NA,NA
inverclyde12-ballots/inverclyde12-06.blt,C,C,C,C,C,C,NA,NA,NA,NA,NA,NA,NA
inverclyde17-ballots/inverclyde17-01.blt,E,E,E,E,NA,NA,NA,NA,NA,NA,NA,NA,NA
inverclyde17-ballots/inverclyde17-02.blt,E,E,E,E,E,NA,NA,NA,NA,NA,NA,NA,NA
inverclyde17-ballots/inverclyde17-03.blt,C,D,C,C,C,NA,NA,NA,NA,NA,NA,NA,NA
inverclyde17-ballots/inverclyde17-04.blt,A,A,A,A,A,A,NA,NA,NA,NA,NA,NA,NA
inverclyde17-ballots/inverclyde17-05.blt,A,A,A,A,A,A,NA,NA,NA,NA,NA,NA,NA
inverclyde17-ballots/inverclyde17-06.blt,D,D,D,D,D,D,NA,NA,NA,NA,NA,NA,NA
inverclyde17-ballots/inverclyde17-07.blt,B,B,B,B,B,B,B,NA,NA,NA,NA,NA,NA
inverclyde22/PreferenceProfile_Ward-2.blt,E,E,E,E,E,NA,NA,NA,NA,NA,NA,NA,NA
inverclyde22/PreferenceProfile_Ward-3.blt,E,A,E,E,E,NA,NA,NA,NA,NA,NA,NA,NA
inverclyde22/PreferenceProfile_Ward-4.blt,A,A,A,A,A,A,A,A,NA,NA,NA,NA,NA
inverclyde22/PreferenceProfile_Ward-5.blt,D,D,D,D,D,D,NA,NA,NA,NA,NA,NA,NA
inverclyde22/PreferenceProfile_Ward-6.blt,B,B,B,B,B,NA,NA,NA,NA,NA,NA,NA,NA
inverclyde22/PreferenceProfile_Ward-7.blt,A,A,A,A,NA,NA,NA,NA,NA,NA,NA,NA,NA
midlothian12-ballots/midlothian12-01_cleaned.csv,D,D,D,D,D,NA,NA,NA,NA,NA,NA,NA,NA
midlothian12-ballots/midlothian12-02_cleaned.csv,E,E,E,E,E,E,NA,NA,NA,NA,NA,NA,NA
midlothian12-ballots/midlothian12-03_cleaned.csv,A,A,A,A,A,A,NA,NA,NA,NA,NA,NA,NA
midlothian12-ballots/midlothian12-04_cleaned.csv,B,B,B,B,B,B,B,B,NA,NA,NA,NA,NA
midlothian12-ballots/midlothian12-05_cleaned.csv,A,A,A,A,A,A,NA,NA,NA,NA,NA,NA,NA
midlothian12-ballots/midlothian12-06_cleaned.csv,C,C,C,C,NA,NA,NA,NA,NA,NA,NA,NA,NA
midlothian17-ballots/midlothian17-01.blt,E,C,D,E,E,NA,NA,NA,NA,NA,NA,NA,NA
midlothian17-ballots/midlothian17-02.blt,F,F,F,F,F,F,NA,NA,NA,NA,NA,NA,NA
midlothian17-ballots/midlothian17-03.blt,C,B,C,C,C,C,NA,NA,NA,NA,NA,NA,NA
midlothian17-ballots/midlothian17-04.blt,F,H,F,F,F,F,F,NA,NA,NA,NA,NA,NA
midlothian17-ballots/midlothian17-05.blt,D,F,F,D,D,NA,NA,NA,NA,NA,NA,NA,NA
midlothian17-ballots/midlothian17-06.blt,C,C,C,C,C,C,NA,NA,NA,NA,NA,NA,NA
midlothian22/ward_1_penicuik_preference_profile_open_from_within_ms_word_or_similar.blt,D,D,D,D,D,D,NA,NA,NA,NA,NA,NA,NA
midlothian22/ward_2_bonnyrigg_preference_profile_open_from_within_ms_word_or_similar.blt,C,C,C,NA,NA,NA,NA,NA,NA,NA,NA,NA,NA
midlothian22/ward_3_dalkeith_preference_profile_open_from_within_ms_word_or_similar.blt,D,D,D,D,D,D,NA,NA,NA,NA,NA,NA,NA
midlothian22/ward_4_midlothian_west_preference_profile_open_from_within_ms_word_or_similar.blt,C,C,C,C,C,C,NA,NA,NA,NA,NA,NA,NA
midlothian22/ward_5_midlothian_east_preference_profile_open_from_within_ms_word_or_similar.blt,E,E,E,E,E,NA,NA,NA,NA,NA,NA,NA,NA
midlothian22/ward_6_midlothian_south_dalkeith_preference_profile_open_from_within_ms_word_or_similar.blt,B,B,B,B,B,B,B,NA,NA,NA,NA,NA,NA
moray12-ballots/moray12-01.blt,F,E,F,F,F,NA,NA,NA,NA,NA,NA,NA,NA
moray12-ballots/moray12-02.blt,A,A,A,A,NA,NA,NA,NA,NA,NA,NA,NA,NA
moray12-ballots/moray12-03.blt,C,C,C,C,NA,NA,NA,NA,NA,NA,NA,NA,NA
moray12-ballots/moray12-04.blt,E,E,E,E,NA,NA,NA,NA,NA,NA,NA,NA,NA
moray12-ballots/moray12-05.blt,C,D,D,C,C,C,NA,NA,NA,NA,NA,NA,NA
moray12-ballots/moray12-06.blt,E,C,E,E,NA,NA,NA,NA,NA,NA,NA,NA,NA
moray12-ballots/moray12-07.blt,B,B,B,NA,NA,NA,NA,NA,NA,NA,NA,NA,NA
moray12-ballots/moray12-08.blt,A,A,A,A,A,A,A,A,A,NA,NA,NA,NA
moray17-ballots/moray17-01.blt,D,D,D,NA,NA,NA,NA,NA,NA,NA,NA,NA,NA
moray17-ballots/moray17-02.blt,C,C,B,C,NA,NA,NA,NA,NA,NA,NA,NA,NA
moray17-ballots/moray17-03.blt,C,B,B,NA,NA,NA,NA,NA,NA,NA,NA,NA,NA
moray17-ballots/moray17-04.blt,E,E,E,E,E,E,E,NA,NA,NA,NA,NA,NA
moray17-ballots/moray17-05.blt,A,A,A,A,A,A,NA,NA,NA,NA,NA,NA,NA
moray17-ballots/moray17-06.blt,B,B,B,B,B,NA,NA,NA,NA,NA,NA,NA,NA
moray17-ballots/moray17-07.blt,D,D,D,NA,NA,NA,NA,NA,NA,NA,NA,NA,NA
moray17-ballots/moray17-08.blt,C,C,C,C,C,C,NA,NA,NA,NA,NA,NA,NA
moray22/file141884.txt,C,C,C,C,NA,NA,NA,NA,NA,NA,NA,NA,NA
moray22/file141894.txt,C,C,C,C,NA,NA,NA,NA,NA,NA,NA,NA,NA
moray22/file141896.txt,C,C,C,C,NA,NA,NA,NA,NA,NA,NA,NA,NA
moray22/file141902.txt,A,C,A,A,A,NA,NA,NA,NA,NA,NA,NA,NA
moray22/file141913.txt,F,C,F,F,F,NA,NA,NA,NA,NA,NA,NA,NA
moray22/file141915.txt,C,E,C,C,C,NA,NA,NA,NA,NA,NA,NA,NA
moray22/file141922.txt,B,B,B,B,B,NA,NA,NA,NA,NA,NA,NA,NA
n-ayrshire12-ballots/n-ayrshire12-01.blt,C,B,B,C,C,C,C,C,NA,NA,NA,NA,NA
n-ayrshire12-ballots/n-ayrshire12-02.blt,J,J,J,J,J,J,J,J,J,NA,NA,NA,NA
n-ayrshire12-ballots/n-ayrshire12-03.blt,B,B,B,B,B,B,B,B,B,A,NA,NA,NA
n-ayrshire12-ballots/n-ayrshire12-04.blt,E,E,E,E,E,E,E,NA,NA,NA,NA,NA,NA
n-ayrshire12-ballots/n-ayrshire12-05.blt,B,D,D,B,B,B,B,B,B,NA,NA,NA,NA
n-ayrshire12-ballots/n-ayrshire12-06.blt,A,A,A,A,A,A,NA,NA,NA,NA,NA,NA,NA
n-ayrshire12-ballots/n-ayrshire12-07.blt,B,B,B,B,B,B,B,NA,NA,NA,NA,NA,NA
n-ayrshire12-ballots/n-ayrshire12-08.blt,C,C,C,C,C,NA,NA,NA,NA,NA,NA,NA,NA
n-ayrshire17-ballots/n-ayrshire17-01.blt,A,A,A,A,A,A,NA,NA,NA,NA,NA,NA,NA
n-ayrshire17-ballots/n-ayrshire17-02.blt,A,A,A,A,A,NA,NA,NA,NA,NA,NA,NA,NA
n-ayrshire17-ballots/n-ayrshire17-03.blt,A,A,A,A,A,A,NA,NA,NA,NA,NA,NA,NA
n-ayrshire17-ballots/n-ayrshire17-04.blt,H,C,C,H,H,H,H,NA,NA,NA,NA,NA,NA
n-ayrshire17-ballots/n-ayrshire17-05.blt,C,B,C,C,C,C,NA,NA,NA,NA,NA,NA,NA
n-ayrshire17-ballots/n-ayrshire17-06.blt,A,B,C,A,A,A,A,NA,NA,NA,NA,NA,NA
n-ayrshire17-ballots/n-ayrshire17-07.blt,E,B,B,E,E,E,NA,NA,NA,NA,NA,NA,NA
n-ayrshire17-ballots/n-ayrshire17-08.blt,C,C,C,C,C,NA,NA,NA,NA,NA,NA,NA,NA
n-ayrshire17-ballots/n-ayrshire17-09.blt,E,E,E,E,E,E,NA,NA,NA,NA,NA,NA,NA
n-ayrshire17-ballots/n-ayrshire17-10.blt,E,E,E,E,E,E,NA,NA,NA,NA,NA,NA,NA
n-ayrshire22 (pdfs)/Preference-Profile-Ardrossan_copy.csv,B,B,B,B,B,B,NA,NA,NA,NA,NA,NA,NA
n-ayrshire22 (pdfs)/Preference-Profile-Arran_copy.csv,A,A,A,A,A,NA,NA,NA,NA,NA,NA,NA,NA
n-ayrshire22 (pdfs)/Preference-Profile-Garnock-Valley_copy.csv,G,G,C,G,G,G,G,G,G,G,NA,NA,NA
n-ayrshire22 (pdfs)/Preference-Profile-Irvine-East_copy.csv,A,A,A,A,A,A,NA,NA,NA,NA,NA,NA,NA
n-ayrshire22 (pdfs)/Preference-Profile-Irvine-South_copy.csv,E,E,E,E,E,E,NA,NA,NA,NA,NA,NA,NA
n-ayrshire22 (pdfs)/Preference-Profile-Irvine-West_copy.csv,F,F,F,F,F,F,F,F,F,NA,NA,NA,NA
n-ayrshire22 (pdfs)/Preference-Profile-Kilwinning_copy.csv,A,A,A,A,A,NA,NA,NA,NA,NA,NA,NA,NA
n-ayrshire22 (pdfs)/Preference-Profile-North-Coast_copy.csv,A,A,A,A,A,A,A,A,A,A,A,NA,NA
n-ayrshire22 (pdfs)/Preference-Profile-Saltcoats-and-Stevenston_copy.csv,G,C,G,G,G,G,G,NA,NA,NA,NA,NA,NA
n-lanarks12-ballots/n-lanarks12-01.blt,B,B,B,B,B,NA,NA,NA,NA,NA,NA,NA,NA
n-lanarks12-ballots/n-lanarks12-02.csv,B,F,C,C,B,B,B,NA,NA,NA,NA,NA,NA
n-lanarks12-ballots/n-lanarks12-03.blt,A,A,A,A,A,A,A,NA,NA,NA,NA,NA,NA
n-lanarks12-ballots/n-lanarks12-04.blt,C,A,C,C,C,NA,NA,NA,NA,NA,NA,NA,NA
n-lanarks12-ballots/n-lanarks12-05.blt,A,A,A,A,A,A,NA,NA,NA,NA,NA,NA,NA
n-lanarks12-ballots/n-lanarks12-06.blt,C,C,C,C,C,NA,NA,NA,NA,NA,NA,NA,NA
n-lanarks12-ballots/n-lanarks12-07.blt,D,E,E,D,D,D,NA,NA,NA,NA,NA,NA,NA
n-lanarks12-ballots/n-lanarks12-08.blt,B,B,B,B,B,NA,NA,NA,NA,NA,NA,NA,NA
n-lanarks12-ballots/n-lanarks12-09.blt,B,B,B,NA,NA,NA,NA,NA,NA,NA,NA,NA,NA
n-lanarks12-ballots/n-lanarks12-10.blt,A,A,A,A,NA,NA,NA,NA,NA,NA,NA,NA,NA
n-lanarks12-ballots/n-lanarks12-11.blt,C,C,C,C,C,C,C,NA,NA,NA,NA,NA,NA
n-lanarks12-ballots/n-lanarks12-12.blt,E,C,E,E,E,NA,NA,NA,NA,NA,NA,NA,NA
n-lanarks12-ballots/n-lanarks12-13.blt,A,A,A,NA,NA,NA,NA,NA,NA,NA,NA,NA,NA
n-lanarks12-ballots/n-lanarks12-14.blt,A,A,A,A,A,NA,NA,NA,NA,NA,NA,NA,NA
n-lanarks12-ballots/n-lanarks12-15.blt,B,B,B,B,B,NA,NA,NA,NA,NA,NA,NA,NA
n-lanarks12-ballots/n-lanarks12-16.blt,B,E,B,B,NA,NA,NA,NA,NA,NA,NA,NA,NA
n-lanarks12-ballots/n-lanarks12-17.blt,E,E,E,E,E,E,NA,NA,NA,NA,NA,NA,NA
n-lanarks12-ballots/n-lanarks12-18.csv,A,A,A,A,A,A,A,A,NA,NA,NA,NA,NA
n-lanarks12-ballots/n-lanarks12-19.blt,D,D,D,D,D,NA,NA,NA,NA,NA,NA,NA,NA
n-lanarks12-ballots/n-lanarks12-20.blt,D,D,D,D,D,NA,NA,NA,NA,NA,NA,NA,NA
n-lanarks17-ballots/n-lanarks17-001.blt,B,B,B,B,B,B,NA,NA,NA,NA,NA,NA,NA
n-lanarks17-ballots/n-lanarks17-002.blt,E,E,E,E,E,E,E,E,E,NA,NA,NA,NA
n-lanarks17-ballots/n-lanarks17-003.blt,C,C,C,C,C,C,C,C,NA,NA,NA,NA,NA
n-lanarks17-ballots/n-lanarks17-004.blt,E,E,E,E,E,E,E,NA,NA,NA,NA,NA,NA
n-lanarks17-ballots/n-lanarks17-005.blt,F,A,F,F,F,NA,NA,NA,NA,NA,NA,NA,NA
n-lanarks17-ballots/n-lanarks17-006.blt,B,B,B,B,B,B,NA,NA,NA,NA,NA,NA,NA
n-lanarks17-ballots/n-lanarks17-007.blt,E,C,C,E,E,E,E,NA,NA,NA,NA,NA,NA
n-lanarks17-ballots/n-lanarks17-008.blt,F,B,F,F,F,F,F,NA,NA,NA,NA,NA,NA
n-lanarks17-ballots/n-lanarks17-009.blt,C,C,C,C,C,C,C,NA,NA,NA,NA,NA,NA
n-lanarks17-ballots/n-lanarks17-010.blt,A,A,A,A,NA,NA,NA,NA,NA,NA,NA,NA,NA
n-lanarks17-ballots/n-lanarks17-011.blt,C,C,C,C,C,C,C,NA,NA,NA,NA,NA,NA
n-lanarks17-ballots/n-lanarks17-012.blt,B,B,B,B,B,B,B,NA,NA,NA,NA,NA,NA
n-lanarks17-ballots/n-lanarks17-013.blt,C,C,C,C,C,C,NA,NA,NA,NA,NA,NA,NA
n-lanarks17-ballots/n-lanarks17-014.blt,B,B,B,B,NA,NA,NA,NA,NA,NA,NA,NA,NA
n-lanarks17-ballots/n-lanarks17-015.blt,D,D,D,D,D,D,NA,NA,NA,NA,NA,NA,NA
n-lanarks17-ballots/n-lanarks17-016.blt,D,D,D,D,NA,NA,NA,NA,NA,NA,NA,NA,NA
n-lanarks17-ballots/n-lanarks17-017.blt,C,B,G,G,C,C,NA,NA,NA,NA,NA,NA,NA
n-lanarks17-ballots/n-lanarks17-018.blt,B,C,C,B,B,NA,NA,NA,NA,NA,NA,NA,NA
n-lanarks17-ballots/n-lanarks17-019.blt,G,G,G,G,G,G,G,G,G,G,G,NA,NA
n-lanarks17-ballots/n-lanarks17-020.blt,C,C,C,C,C,C,C,C,NA,NA,NA,NA,NA
n-lanarks17-ballots/n-lanarks17-021.blt,C,C,C,C,C,C,NA,NA,NA,NA,NA,NA,NA
n-lanarks22/Preference Profile Ward 1 Kilsyth.csv,A,C,A,A,A,A,NA,NA,NA,NA,NA,NA,NA
n-lanarks22/Preference Profile Ward 10 Coatbridge West.csv,C,C,C,C,C,NA,NA,NA,NA,NA,NA,NA,NA
n-lanarks22/Preference Profile Ward 11 Coatbridge South.csv,B,B,B,B,B,B,NA,NA,NA,NA,NA,NA,NA
n-lanarks22/Preference Profile Ward 12 Airdrie South.csv,A,A,A,A,NA,NA,NA,NA,NA,NA,NA,NA,NA
n-lanarks22/Preference Profile Ward 13 Fortissat.csv,E,E,E,E,E,E,NA,NA,NA,NA,NA,NA,NA
n-lanarks22/Preference Profile WArd 14 Thorniewood.csv,D,E,D,D,NA,NA,NA,NA,NA,NA,NA,NA,NA
n-lanarks22/Preference Profile WArd 15 Bellshill.csv,C,E,C,C,C,C,NA,NA,NA,NA,NA,NA,NA
n-lanarks22/Preference Profile Ward 16 Mossend and Holytown.csv,E,E,E,E,E,NA,NA,NA,NA,NA,NA,NA,NA
n-lanarks22/Preference Profile Ward 17 Motherwell West.csv,A,A,A,A,A,NA,NA,NA,NA,NA,NA,NA,NA
n-lanarks22/Preference Profile Ward 18 Motherwell North.csv,B,B,B,B,B,NA,NA,NA,NA,NA,NA,NA,NA
n-lanarks22/Preference Profile Ward 19 Motherwell South East and Ravenscraig.csv,B,B,B,B,B,B,B,NA,NA,NA,NA,NA,NA
n-lanarks22/Preference Profile Ward 2 Cumbernauld North.csv,F,F,F,F,F,F,F,NA,NA,NA,NA,NA,NA
n-lanarks22/Preference Profile Ward 20 Murdostoun.csv,C,C,C,C,C,C,NA,NA,NA,NA,NA,NA,NA
n-lanarks22/Preference Profile Ward 21 Wishaw.csv,B,B,B,B,NA,NA,NA,NA,NA,NA,NA,NA,NA
n-lanarks22/Preference Profile Ward 3 Cumbernauld South.csv,A,H,H,A,A,A,A,A,NA,NA,NA,NA,NA
n-lanarks22/Preference Profile WArd 4 Cumbernauld East.csv,A,A,A,A,A,A,A,NA,NA,NA,NA,NA,NA
"n-lanarks22/Preference Profile Ward 5 Stepps, Chryston and Muirhead.csv",D,A,A,A,D,D,NA,NA,NA,NA,NA,NA,NA
"n-lanarks22/Preference Profile Ward 6 Gartcosh, Glenboig and Moodiesburn.csv",C,C,C,C,C,NA,NA,NA,NA,NA,NA,NA,NA
n-lanarks22/Preference Profile WArd 7 Coatbridge North.csv,B,B,B,B,B,B,B,B,NA,NA,NA,NA,NA
n-lanarks22/Preference Profile Ward 8 Airdrie North.csv,B,B,B,B,B,B,B,NA,NA,NA,NA,NA,NA
n-lanarks22/Preference Profile WArd 9 Airdrie Central.csv,A,C,C,A,A,NA,NA,NA,NA,NA,NA,NA,NA
orkney12-ballots/orkney12-01.blt,A,A,A,A,A,A,A,NA,NA,NA,NA,NA,NA
orkney12-ballots/orkney12-02.blt,G,G,G,G,G,G,G,G,G,G,NA,NA,NA
orkney12-ballots/orkney12-03.blt,F,F,F,F,F,F,NA,NA,NA,NA,NA,NA,NA
orkney12-ballots/orkney12-04.blt,D,D,D,D,D,D,D,D,NA,NA,NA,NA,NA
orkney12-ballots/orkney12-05.blt,E,E,E,E,E,E,NA,NA,NA,NA,NA,NA,NA
orkney12-ballots/orkney12-06.blt,B,B,B,NA,NA,NA,NA,NA,NA,NA,NA,NA,NA
orkney17-ballots/orkney17-01.blt,D,D,D,D,D,D,D,NA,NA,NA,NA,NA,NA
orkney17-ballots/orkney17-02.blt,E,E,E,E,E,E,NA,NA,NA,NA,NA,NA,NA
orkney17-ballots/orkney17-04.blt,A,C,A,A,A,A,NA,NA,NA,NA,NA,NA,NA
orkney17-ballots/orkney17-05.blt,B,B,B,B,NA,NA,NA,NA,NA,NA,NA,NA,NA
orkney17-ballots/orkney17-06.blt,E,E,E,E,E,E,E,NA,NA,NA,NA,NA,NA
orkney22/ward1.blt,B,D,B,B,NA,NA,NA,NA,NA,NA,NA,NA,NA
orkney22/ward2.blt,E,E,E,E,E,E,E,NA,NA,NA,NA,NA,NA
orkney22/ward3.blt,E,E,E,E,E,NA,NA,NA,NA,NA,NA,NA,NA
orkney22/ward4.blt,D,D,D,D,D,NA,NA,NA,NA,NA,NA,NA,NA
orkney22/ward5.blt,C,C,C,C,NA,NA,NA,NA,NA,NA,NA,NA,NA
orkney22/ward6.blt,E,E,E,E,NA,NA,NA,NA,NA,NA,NA,NA,NA
perth-kinross12-ballots/perth-kinross12-01.blt,E,D,E,E,NA,NA,NA,NA,NA,NA,NA,NA,NA
perth-kinross12-ballots/perth-kinross12-02.blt,C,D,C,C,C,C,NA,NA,NA,NA,NA,NA,NA
perth-kinross12-ballots/perth-kinross12-03.blt,A,A,A,A,NA,NA,NA,NA,NA,NA,NA,NA,NA
perth-kinross12-ballots/perth-kinross12-04.blt,D,D,D,D,D,D,NA,NA,NA,NA,NA,NA,NA
perth-kinross12-ballots/perth-kinross12-05.blt,C,E,C,C,NA,NA,NA,NA,NA,NA,NA,NA,NA
perth-kinross12-ballots/perth-kinross12-06.blt,B,F,B,B,B,NA,NA,NA,NA,NA,NA,NA,NA
perth-kinross12-ballots/perth-kinross12-07.blt,C,C,C,C,NA,NA,NA,NA,NA,NA,NA,NA,NA
perth-kinross12-ballots/perth-kinross12-08.blt,I,E,I,I,I,I,I,I,NA,NA,NA,NA,NA
perth-kinross12-ballots/perth-kinross12-09.blt,A,E,A,A,A,NA,NA,NA,NA,NA,NA,NA,NA
perth-kinross12-ballots/perth-kinross12-10.blt,H,H,H,H,H,H,H,NA,NA,NA,NA,NA,NA
perth-kinross12-ballots/perth-kinross12-11.blt,C,C,C,C,C,C,NA,NA,NA,NA,NA,NA,NA
perth-kinross12-ballots/perth-kinross12-12.blt,B,B,B,B,B,B,B,NA,NA,NA,NA,NA,NA
perth-kinross17-ballots/perth-kinross17-01.blt,C,C,C,C,C,NA,NA,NA,NA,NA,NA,NA,NA
perth-kinross17-ballots/perth-kinross17-02.blt,C,C,C,C,C,C,NA,NA,NA,NA,NA,NA,NA
perth-kinross17-ballots/perth-kinross17-03.blt,F,F,F,F,F,NA,NA,NA,NA,NA,NA,NA,NA
perth-kinross17-ballots/perth-kinross17-04.blt,A,A,A,A,A,NA,NA,NA,NA,NA,NA,NA,NA
perth-kinross17-ballots/perth-kinross17-05.blt,C,C,C,C,C,C,NA,NA,NA,NA,NA,NA,NA
perth-kinross17-ballots/perth-kinross17-06.blt,A,F,F,F,A,A,A,NA,NA,NA,NA,NA,NA
perth-kinross17-ballots/perth-kinross17-07.blt,E,E,E,E,E,E,E,NA,NA,NA,NA,NA,NA
perth-kinross17-ballots/perth-kinross17-08.blt,F,E,E,E,E,E,F,NA,NA,NA,NA,NA,NA
perth-kinross17-ballots/perth-kinross17-09.blt,B,B,B,B,B,NA,NA,NA,NA,NA,NA,NA,NA
perth-kinross17-ballots/perth-kinross17-10.blt,H,H,H,H,H,H,H,NA,NA,NA,NA,NA,NA
perth-kinross17-ballots/perth-kinross17-11.blt,C,C,C,C,C,C,C,NA,NA,NA,NA,NA,NA
perth-kinross17-ballots/perth-kinross17-12.blt,A,A,A,A,A,A,A,NA,NA,NA,NA,NA,NA
perth-kinross22 (pdfs)/Ward1.csv,A,A,A,A,A,A,A,NA,NA,NA,NA,NA,NA
perth-kinross22 (pdfs)/Ward10.csv,A,A,A,A,A,A,NA,NA,NA,NA,NA,NA,NA
perth-kinross22 (pdfs)/Ward11.csv,D,D,D,D,D,D,NA,NA,NA,NA,NA,NA,NA
perth-kinross22 (pdfs)/Ward12.csv,C,C,C,C,C,C,C,C,NA,NA,NA,NA,NA
perth-kinross22 (pdfs)/Ward2.csv,F,F,F,F,F,F,NA,NA,NA,NA,NA,NA,NA
perth-kinross22 (pdfs)/Ward3.csv,I,I,I,I,I,I,I,I,NA,NA,NA,NA,NA
perth-kinross22 (pdfs)/Ward4.csv,H,A,H,H,H,H,H,NA,NA,NA,NA,NA,NA
perth-kinross22 (pdfs)/Ward5.csv,D,D,D,D,NA,NA,NA,NA,NA,NA,NA,NA,NA
perth-kinross22 (pdfs)/Ward6.csv,A,E,A,A,A,NA,NA,NA,NA,NA,NA,NA,NA
perth-kinross22 (pdfs)/Ward7.csv,A,A,A,A,A,NA,NA,NA,NA,NA,NA,NA,NA
perth-kinross22 (pdfs)/Ward8.csv,F,H,F,F,F,F,F,NA,NA,NA,NA,NA,NA
perth-kinross22 (pdfs)/Ward9.csv,C,B,C,C,C,NA,NA,NA,NA,NA,NA,NA,NA
renfs12-ballots/renfs12-01.blt,F,F,F,F,F,F,NA,NA,NA,NA,NA,NA,NA
renfs12-ballots/renfs12-02.blt,C,F,C,C,C,C,NA,NA,NA,NA,NA,NA,NA
renfs12-ballots/renfs12-03.blt,F,F,F,F,F,F,NA,NA,NA,NA,NA,NA,NA
renfs12-ballots/renfs12-04.blt,C,C,C,C,C,C,C,NA,NA,NA,NA,NA,NA
renfs12-ballots/renfs12-05.blt,A,A,A,A,A,A,A,NA,NA,NA,NA,NA,NA
renfs12-ballots/renfs12-06.blt,E,A,E,E,E,E,NA,NA,NA,NA,NA,NA,NA
renfs12-ballots/renfs12-07.blt,G,G,G,G,G,G,G,NA,NA,NA,NA,NA,NA
renfs12-ballots/renfs12-08.blt,B,B,B,B,B,B,B,NA,NA,NA,NA,NA,NA
renfs12-ballots/renfs12-09.blt,B,B,B,B,B,B,NA,NA,NA,NA,NA,NA,NA
renfs12-ballots/renfs12-10.blt,A,D,A,A,A,NA,NA,NA,NA,NA,NA,NA,NA
renfs12-ballots/renfs12-11.blt,B,B,B,B,B,B,NA,NA,NA,NA,NA,NA,NA
renfs17-ballots/renfs17-01.blt,A,F,F,F,A,A,A,NA,NA,NA,NA,NA,NA
renfs17-ballots/renfs17-02.blt,E,E,E,E,E,E,NA,NA,NA,NA,NA,NA,NA
renfs17-ballots/renfs17-03.blt,A,F,A,A,A,A,A,A,NA,NA,NA,NA,NA
renfs17-ballots/renfs17-04.blt,E,E,E,E,E,E,E,E,E,NA,NA,NA,NA
renfs17-ballots/renfs17-05.blt,E,E,E,E,E,E,NA,NA,NA,NA,NA,NA,NA
renfs17-ballots/renfs17-06.blt,D,D,D,D,D,D,D,D,NA,NA,NA,NA,NA
renfs17-ballots/renfs17-07.blt,B,G,B,B,B,B,NA,NA,NA,NA,NA,NA,NA
renfs17-ballots/renfs17-08.blt,C,C,C,C,C,C,NA,NA,NA,NA,NA,NA,NA
renfs17-ballots/renfs17-09.blt,B,B,B,B,B,B,B,B,B,NA,NA,NA,NA
renfs17-ballots/renfs17-10.blt,A,E,A,A,A,A,NA,NA,NA,NA,NA,NA,NA
renfs17-ballots/renfs17-11.blt,D,D,D,D,NA,NA,NA,NA,NA,NA,NA,NA,NA
renfs17-ballots/renfs17-12.blt,I,I,I,I,I,I,I,I,NA,NA,NA,NA,NA
renfs22/Preference_profile_for_Ward_10_Houston_Crosslee_and_Linwood_copy.csv,A,A,A,A,NA,NA,NA,NA,NA,NA,NA,NA,NA
renfs22/Preference_profile_for_Ward_11_Bishopton_Bridge_of_Weir_and_Langbank_copy.csv,A,A,A,A,NA,NA,NA,NA,NA,NA,NA,NA,NA
renfs22/Preference_profile_for_Ward_12_Erskine_and_Inchinnan_copy.csv,E,E,E,E,E,NA,NA,NA,NA,NA,NA,NA,NA
renfs22/Preference_profile_for_Ward_2_Renfrew_South_and_Gallowhill_copy.csv,C,C,C,C,NA,NA,NA,NA,NA,NA,NA,NA,NA
renfs22/Preference_profile_for_Ward_4_Paisley_Northwest_copy.csv,D,D,D,D,D,D,D,D,D,D,NA,NA,NA
renfs22/Preference_profile_for_Ward_5_Paisley_East_and_Central_copy.csv,E,E,E,E,E,E,NA,NA,NA,NA,NA,NA,NA
renfs22/Preference_profile_for_Ward_6_Paisley_Southeast_copy.csv,D,D,D,D,D,D,D,D,NA,NA,NA,NA,NA
renfs22/Preference_profile_for_Ward_7_Paisley_Southwest_copy.csv,A,E,A,A,A,A,NA,NA,NA,NA,NA,NA,NA
renfs22/Preference_profile_for_Ward_8_Johnstone_South_and_Elderslie_copy.csv,B,A,B,B,B,NA,NA,NA,NA,NA,NA,NA,NA
renfs22/Preference_profile_for_Ward_9_Johnstone_North_Kilbarchan_Howwood_and_Lochwinnoch_copy.csv,A,A,G,A,A,A,A,NA,NA,NA,NA,NA,NA
s-ayrshire12-ballots/s-ayrshire12-01.blt,B,B,B,B,B,NA,NA,NA,NA,NA,NA,NA,NA
s-ayrshire12-ballots/s-ayrshire12-02.blt,B,D,B,B,B,NA,NA,NA,NA,NA,NA,NA,NA
s-ayrshire12-ballots/s-ayrshire12-03.blt,B,B,B,B,NA,NA,NA,NA,NA,NA,NA,NA,NA
s-ayrshire12-ballots/s-ayrshire12-04.blt,C,C,C,C,C,C,NA,NA,NA,NA,NA,NA,NA
s-ayrshire12-ballots/s-ayrshire12-05.blt,C,C,C,C,C,C,NA,NA,NA,NA,NA,NA,NA
s-ayrshire12-ballots/s-ayrshire12-06.blt,B,B,B,NA,NA,NA,NA,NA,NA,NA,NA,NA,NA
s-ayrshire12-ballots/s-ayrshire12-07.blt,A,A,A,A,NA,NA,NA,NA,NA,NA,NA,NA,NA
s-ayrshire12-ballots/s-ayrshire12-08.blt,A,A,A,NA,NA,NA,NA,NA,NA,NA,NA,NA,NA
s-ayrshire17-ballots/s-ayrshire17-01.blt,A,A,A,A,A,NA,NA,NA,NA,NA,NA,NA,NA
s-ayrshire17-ballots/s-ayrshire17-02.blt,B,B,B,B,B,NA,NA,NA,NA,NA,NA,NA,NA
s-ayrshire17-ballots/s-ayrshire17-03.blt,A,D,A,A,A,NA,NA,NA,NA,NA,NA,NA,NA
s-ayrshire17-ballots/s-ayrshire17-04.blt,C,C,C,C,NA,NA,NA,NA,NA,NA,NA,NA,NA
s-ayrshire17-ballots/s-ayrshire17-05.blt,D,D,D,D,D,D,NA,NA,NA,NA,NA,NA,NA
s-ayrshire17-ballots/s-ayrshire17-06.blt,D,D,D,NA,NA,NA,NA,NA,NA,NA,NA,NA,NA
s-ayrshire17-ballots/s-ayrshire17-07.blt,A,A,A,A,NA,NA,NA,NA,NA,NA,NA,NA,NA
s-ayrshire17-ballots/s-ayrshire17-08.blt,A,A,A,A,A,NA,NA,NA,NA,NA,NA,NA,NA
s-ayrshire22/PreferenceProfile_V0001_Ward-1---Troon_06052022_142627.csv,E,E,E,E,E,E,E,NA,NA,NA,NA,NA,NA
s-ayrshire22/PreferenceProfile_V0001_Ward-2---Prestwick_06052022_142624.csv,C,B,B,B,B,C,C,NA,NA,NA,NA,NA,NA
s-ayrshire22/PreferenceProfile_V0001_Ward-4---Ayr-East_06052022_142626.csv,C,C,C,C,C,C,C,C,NA,NA,NA,NA,NA
s-ayrshire22/PreferenceProfile_V0001_Ward-5---Ayr-West_06052022_142628.csv,B,B,B,B,B,B,B,B,NA,NA,NA,NA,NA
s-ayrshire22/PreferenceProfile_V0001_Ward-6---Kyle_06052022_142627.csv,C,C,C,C,C,NA,NA,NA,NA,NA,NA,NA,NA
s-ayrshire22/PreferenceProfile_V0001_Ward-7---Maybole-North-Carrick-and-Coylton_06052022_142628.csv,C,C,C,C,C,NA,NA,NA,NA,NA,NA,NA,NA
s-ayrshire22/PreferenceProfile_V0001_Ward-8---Girvan-and-South-Carrick_06052022_142628.csv,A,A,A,A,A,A,NA,NA,NA,NA,NA,NA,NA
s-ayrshire22/PreferenceProfile_V0009_Ward-3---Ayr-North_10052022_111313.csv,A,A,A,A,A,A,A,NA,NA,NA,NA,NA,NA
s-lanarks12-ballots/s-lanarks12-01.blt,D,D,D,D,D,D,D,D,NA,NA,NA,NA,NA
s-lanarks12-ballots/s-lanarks12-02.blt,B,B,B,B,B,NA,NA,NA,NA,NA,NA,NA,NA
s-lanarks12-ballots/s-lanarks12-03.blt,B,B,B,B,B,NA,NA,NA,NA,NA,NA,NA,NA
s-lanarks12-ballots/s-lanarks12-04.blt,B,B,B,B,B,NA,NA,NA,NA,NA,NA,NA,NA
s-lanarks12-ballots/s-lanarks12-05.blt,C,C,C,C,C,C,C,C,C,C,NA,NA,NA
s-lanarks12-ballots/s-lanarks12-06.blt,A,A,A,A,A,A,A,NA,NA,NA,NA,NA,NA
s-lanarks12-ballots/s-lanarks12-07.blt,B,A,B,B,B,NA,NA,NA,NA,NA,NA,NA,NA
s-lanarks12-ballots/s-lanarks12-08.blt,D,D,D,D,D,D,D,NA,NA,NA,NA,NA,NA
s-lanarks12-ballots/s-lanarks12-09.blt,F,E,F,F,F,NA,NA,NA,NA,NA,NA,NA,NA
s-lanarks12-ballots/s-lanarks12-10.blt,B,B,B,B,B,NA,NA,NA,NA,NA,NA,NA,NA
s-lanarks12-ballots/s-lanarks12-11.blt,E,E,E,E,E,NA,NA,NA,NA,NA,NA,NA,NA
s-lanarks12-ballots/s-lanarks12-12.blt,D,D,D,D,D,D,NA,NA,NA,NA,NA,NA,NA
s-lanarks12-ballots/s-lanarks12-13.blt,B,B,B,B,B,NA,NA,NA,NA,NA,NA,NA,NA
s-lanarks12-ballots/s-lanarks12-14.blt,A,A,A,A,A,NA,NA,NA,NA,NA,NA,NA,NA
s-lanarks12-ballots/s-lanarks12-15.blt,B,B,B,B,B,B,B,B,B,NA,NA,NA,NA
s-lanarks12-ballots/s-lanarks12-16.blt,C,C,C,NA,NA,NA,NA,NA,NA,NA,NA,NA,NA
s-lanarks12-ballots/s-lanarks12-17.blt,F,F,F,F,F,F,NA,NA,NA,NA,NA,NA,NA
s-lanarks12-ballots/s-lanarks12-18.blt,A,A,A,A,A,A,NA,NA,NA,NA,NA,NA,NA
s-lanarks12-ballots/s-lanarks12-19.blt,D,D,D,D,D,D,NA,NA,NA,NA,NA,NA,NA
s-lanarks12-ballots/s-lanarks12-20.blt,A,A,A,A,A,NA,NA,NA,NA,NA,NA,NA,NA
s-lanarks17-ballots/s-lanarks17-01.blt,A,A,A,A,A,A,A,NA,NA,NA,NA,NA,NA
s-lanarks17-ballots/s-lanarks17-02.blt,F,C,F,F,F,F,NA,NA,NA,NA,NA,NA,NA
s-lanarks17-ballots/s-lanarks17-03.blt,A,A,A,A,A,A,A,NA,NA,NA,NA,NA,NA
s-lanarks17-ballots/s-lanarks17-04.blt,C,F,C,C,C,C,C,C,NA,NA,NA,NA,NA
s-lanarks17-ballots/s-lanarks17-05.blt,A,A,A,A,A,A,A,NA,NA,NA,NA,NA,NA
s-lanarks17-ballots/s-lanarks17-06.blt,A,A,A,A,A,A,A,NA,NA,NA,NA,NA,NA
s-lanarks17-ballots/s-lanarks17-07.blt,A,A,A,A,A,A,NA,NA,NA,NA,NA,NA,NA
s-lanarks17-ballots/s-lanarks17-08.blt,C,C,C,C,C,C,C,NA,NA,NA,NA,NA,NA
s-lanarks17-ballots/s-lanarks17-09.blt,A,A,A,A,A,A,NA,NA,NA,NA,NA,NA,NA
s-lanarks17-ballots/s-lanarks17-10.blt,D,D,D,D,D,D,D,NA,NA,NA,NA,NA,NA
s-lanarks17-ballots/s-lanarks17-11.blt,A,E,A,A,A,NA,NA,NA,NA,NA,NA,NA,NA
s-lanarks17-ballots/s-lanarks17-12.blt,B,B,B,B,B,B,NA,NA,NA,NA,NA,NA,NA
s-lanarks17-ballots/s-lanarks17-13.blt,H,H,A,H,H,H,H,NA,NA,NA,NA,NA,NA
s-lanarks17-ballots/s-lanarks17-14.blt,A,A,A,A,A,A,A,NA,NA,NA,NA,NA,NA
s-lanarks17-ballots/s-lanarks17-15.blt,F,F,F,F,F,F,F,NA,NA,NA,NA,NA,NA
s-lanarks17-ballots/s-lanarks17-16.blt,C,C,C,C,C,NA,NA,NA,NA,NA,NA,NA,NA
s-lanarks17-ballots/s-lanarks17-17.blt,G,F,C,G,G,G,G,NA,NA,NA,NA,NA,NA
s-lanarks17-ballots/s-lanarks17-18.blt,B,A,A,A,B,B,NA,NA,NA,NA,NA,NA,NA
s-lanarks17-ballots/s-lanarks17-19.blt,C,F,F,C,C,C,NA,NA,NA,NA,NA,NA,NA
s-lanarks17-ballots/s-lanarks17-20.blt,C,H,C,C,C,C,C,C,NA,NA,NA,NA,NA
s-lanarks22/ward_1_clydesdale_west_preference_profile.txt,D,D,D,D,D,D,NA,NA,NA,NA,NA,NA,NA
s-lanarks22/ward_10_east_kilbride_east_preference_profile.txt,A,A,A,A,A,A,NA,NA,NA,NA,NA,NA,NA
s-lanarks22/ward_11_rutherglen_south_preference_profile.txt,A,D,A,A,A,A,NA,NA,NA,NA,NA,NA,NA
s-lanarks22/ward_12_rutherglen_central_and_north_preference_profile.txt,E,E,E,E,E,E,NA,NA,NA,NA,NA,NA,NA
s-lanarks22/ward_13_cambuslang_west_preference_profile.txt,F,F,F,F,F,NA,NA,NA,NA,NA,NA,NA,NA
s-lanarks22/ward_14_cambuslang_east_preference_profile.txt,B,B,B,B,B,B,B,NA,NA,NA,NA,NA,NA
s-lanarks22/ward_15_blantyre_preference_profile.txt,E,A,E,E,E,E,NA,NA,NA,NA,NA,NA,NA
s-lanarks22/ward_16_bothwell_and_uddingston_preference_profile.txt,C,C,C,C,C,NA,NA,NA,NA,NA,NA,NA,NA
s-lanarks22/ward_17_hamilton_north_and_east_preference_profile.txt,D,D,D,D,D,NA,NA,NA,NA,NA,NA,NA,NA
s-lanarks22/ward_18_hamilton_west_and_earnock_preference_profile.txt,A,A,A,A,A,A,NA,NA,NA,NA,NA,NA,NA
s-lanarks22/ward_19_hamilton_south_preference_profile.txt,B,D,B,B,NA,NA,NA,NA,NA,NA,NA,NA,NA
s-lanarks22/ward_2_clydesdale_north_preference_profile.txt,D,D,D,D,NA,NA,NA,NA,NA,NA,NA,NA,NA
s-lanarks22/ward_20_larkhall_preference_profile.txt,B,B,B,B,B,B,B,B,NA,NA,NA,NA,NA
s-lanarks22/ward_3_clydesdale_east_preference_profile.txt,A,E,A,A,A,A,A,NA,NA,NA,NA,NA,NA
s-lanarks22/ward_4_clydesdale_south_preference_profile.txt,C,C,C,C,C,C,C,NA,NA,NA,NA,NA,NA
s-lanarks22/ward_5_avondale_and_stonehouse_preference_profile.txt,C,C,C,C,C,C,NA,NA,NA,NA,NA,NA,NA
s-lanarks22/ward_6_east_kilbride_south_preference_profile.txt,A,A,A,A,A,A,A,A,NA,NA,NA,NA,NA
s-lanarks22/ward_7_east_kilbride_central_south_preference_profile.txt,A,A,A,A,A,A,A,A,NA,NA,NA,NA,NA
s-lanarks22/ward_8_east_kilbride_central_north_preference_profile.txt,D,D,D,D,D,D,NA,NA,NA,NA,NA,NA,NA
s-lanarks22/ward_9_east_kilbride_west_preference_profile.txt,D,D,D,D,D,D,D,NA,NA,NA,NA,NA,NA
sc-borders12-ballots/sc-borders12-01.blt,B,B,B,B,B,NA,NA,NA,NA,NA,NA,NA,NA
sc-borders12-ballots/sc-borders12-02.blt,A,A,A,A,A,NA,NA,NA,NA,NA,NA,NA,NA
sc-borders12-ballots/sc-borders12-03.blt,A,A,A,A,A,A,NA,NA,NA,NA,NA,NA,NA
sc-borders12-ballots/sc-borders12-04.blt,C,A,C,C,C,NA,NA,NA,NA,NA,NA,NA,NA
sc-borders12-ballots/sc-borders12-05.blt,C,C,C,C,C,NA,NA,NA,NA,NA,NA,NA,NA
sc-borders12-ballots/sc-borders12-06.blt,D,D,D,D,NA,NA,NA,NA,NA,NA,NA,NA,NA
sc-borders12-ballots/sc-borders12-07.blt,B,B,B,B,B,B,NA,NA,NA,NA,NA,NA,NA
sc-borders12-ballots/sc-borders12-08.blt,H,H,H,H,H,H,H,NA,NA,NA,NA,NA,NA
sc-borders12-ballots/sc-borders12-09.blt,B,B,B,B,B,B,NA,NA,NA,NA,NA,NA,NA
sc-borders12-ballots/sc-borders12-10.blt,F,F,F,F,F,F,NA,NA,NA,NA,NA,NA,NA
sc-borders12-ballots/sc-borders12-11.blt,D,D,D,D,D,D,NA,NA,NA,NA,NA,NA,NA
sc-borders17/sc-borders17-01.blt,H,A,H,H,H,H,H,NA,NA,NA,NA,NA,NA
sc-borders17/sc-borders17-02.blt,B,B,B,B,NA,NA,NA,NA,NA,NA,NA,NA,NA
sc-borders17/sc-borders17-03.blt,D,D,D,D,D,D,D,NA,NA,NA,NA,NA,NA
sc-borders17/sc-borders17-04.blt,B,B,B,B,B,B,B,B,NA,NA,NA,NA,NA
sc-borders17/sc-borders17-05.blt,F,F,F,F,F,F,NA,NA,NA,NA,NA,NA,NA
sc-borders17/sc-borders17-06.blt,A,A,A,A,A,NA,NA,NA,NA,NA,NA,NA,NA
sc-borders17/sc-borders17-07.blt,D,D,D,D,D,D,NA,NA,NA,NA,NA,NA,NA
sc-borders17/sc-borders17-08.blt,H,H,H,H,H,H,H,NA,NA,NA,NA,NA,NA
sc-borders17/sc-borders17-09.blt,B,E,B,B,B,B,NA,NA,NA,NA,NA,NA,NA
sc-borders17/sc-borders17-10.blt,C,C,C,C,C,NA,NA,NA,NA,NA,NA,NA,NA
sc-borders17/sc-borders17-11.blt,A,A,A,NA,NA,NA,NA,NA,NA,NA,NA,NA,NA
sc-borders22/Ward_1___Tweeddale_West___Preferene.csv,B,F,F,B,B,NA,NA,NA,NA,NA,NA,NA,NA
sc-borders22/Ward_10___Preference.csv,D,D,D,D,D,NA,NA,NA,NA,NA,NA,NA,NA
sc-borders22/Ward_11___Preference.csv,E,E,E,E,E,E,NA,NA,NA,NA,NA,NA,NA
sc-borders22/Ward_2___Tweeddale_East___Preference.csv,G,C,C,G,G,G,NA,NA,NA,NA,NA,NA,NA
sc-borders22/Ward_3___Preferences.csv,G,G,G,G,G,G,G,G,NA,NA,NA,NA,NA
sc-borders22/Ward_4___Preference.csv,A,A,A,A,A,NA,NA,NA,NA,NA,NA,NA,NA
sc-borders22/Ward_5___Preference.csv,D,D,D,D,D,D,NA,NA,NA,NA,NA,NA,NA
sc-borders22/Ward_6__Preference.csv,B,B,B,B,B,B,NA,NA,NA,NA,NA,NA,NA
sc-borders22/Ward_7___Preference.csv,C,C,C,C,C,C,C,NA,NA,NA,NA,NA,NA
sc-borders22/Ward_8___Preference.csv,E,E,G,G,E,E,NA,NA,NA,NA,NA,NA,NA
sc-borders22/Ward_9___Preference.csv,C,C,C,C,C,C,NA,NA,NA,NA,NA,NA,NA
scottish by-elections/Aberdeen City Torry-Ferryhill Ward by election 2019.csv,F,F,F,F,F,F,NA,NA,NA,NA,NA,NA,NA
scottish by-elections/Aberdeenshire 2020 by-election Ellon and District.csv,E,E,E,E,NA,NA,NA,NA,NA,NA,NA,NA,NA
scottish by-elections/Aberdeenshire 2021 by-election East Garioch.csv,B,B,B,B,NA,NA,NA,NA,NA,NA,NA,NA,NA
scottish by-elections/aberdeenshire by-election 2016 Banff and District.csv,C,C,NA,NA,NA,NA,NA,NA,NA,NA,NA,NA,NA
scottish by-elections/aberdeenshire by-election 2016 inverurie and district.csv,C,C,C,NA,NA,NA,NA,NA,NA,NA,NA,NA,NA
scottish by-elections/aberdeenshire by-election 2017 inverurie.csv,A,A,A,A,NA,NA,NA,NA,NA,NA,NA,NA,NA
scottish by-elections/Argyll Bute by-election 2021 Lomond North.csv,A,A,A,NA,NA,NA,NA,NA,NA,NA,NA,NA,NA
scottish by-elections/Argyll Bute by-election Isle of Bute 2021.csv,D,A,A,A,NA,NA,NA,NA,NA,NA,NA,NA,NA
scottish by-elections/clackmannanshire 2019 by-election ward 3 central.csv,D,D,D,D,D,NA,NA,NA,NA,NA,NA,NA,NA
scottish by-elections/East Lothian 2019 by-election Ward 5 haddington.csv,D,D,D,D,NA,NA,NA,NA,NA,NA,NA,NA,NA
scottish by-elections/East Lothian 2022 by-election ward 2.blt,F,F,F,F,F,NA,NA,NA,NA,NA,NA,NA,NA
scottish by-elections/edinburgh 2019 by-election Leith Walk.csv,H,H,H,H,H,H,H,H,H,H,NA,NA,NA
scottish by-elections/Edinburgh 2021 by-election Ward 23 Partick East-Kelvindale_preference_profile_report_.csv,D,C,C,D,D,NA,NA,NA,NA,NA,NA,NA,NA
scottish by-elections/edinburgh by-election 2015 Leith Walk.csv,H,H,H,H,H,H,H,H,H,NA,NA,NA,NA
scottish by-elections/Falkirk 2018 by-election bonnybridge.csv,A,A,A,A,NA,NA,NA,NA,NA,NA,NA,NA,NA
scottish by-elections/Falkirk 2021 by-election South.csv,D,D,D,NA,NA,NA,NA,NA,NA,NA,NA,NA,NA
scottish by-elections/Glasgow by-election 2021 Ward 23 Partick East-Kelvindale.csv,D,C,C,D,D,NA,NA,NA,NA,NA,NA,NA,NA
scottish by-elections/Highland 2021 by-election Aird Ward 3.csv,B,B,B,B,B,NA,NA,NA,NA,NA,NA,NA,NA
scottish by-elections/Highland 2021 by-election Fort William.blt,B,B,B,B,B,B,NA,NA,NA,NA,NA,NA,NA
scottish by-elections/highland 2021 by-election Inverness West.csv,A,F,A,A,A,A,NA,NA,NA,NA,NA,NA,NA
scottish by-elections/Highland 2021 by-election Wick.csv,E,E,E,E,NA,NA,NA,NA,NA,NA,NA,NA,NA
scottish by-elections/Perth Kinross 2015 by-election Ward 12.csv,C,C,C,C,NA,NA,NA,NA,NA,NA,NA,NA,NA
scottish by-elections/Perth Kinross 2016 by-election ward 9.csv,A,A,A,A,NA,NA,NA,NA,NA,NA,NA,NA,NA
scottish by-elections/Perth Kinross 2017 by-election Ward 10.csv,C,E,C,C,C,NA,NA,NA,NA,NA,NA,NA,NA
scottish by-elections/Perth Kinross 2018 by-election Ward 4.csv,B,B,B,B,B,B,NA,NA,NA,NA,NA,NA,NA
scottish by-elections/Perth Kinross by-election 2020 South.csv,A,F,A,A,A,NA,NA,NA,NA,NA,NA,NA,NA
scottish by-elections/Scottish Borders 2021 by-elction Ward 5.csv,C,C,C,C,C,C,NA,NA,NA,NA,NA,NA,NA
scottish by-elections/South Lanarkshire 2019 by-election East Kilbride.csv,A,A,A,A,A,A,NA,NA,NA,NA,NA,NA,NA
scottish by-elections/West Lothian 2021 by-election Ward_4.csv,D,D,D,D,D,D,NA,NA,NA,NA,NA,NA,NA
scottish by-elections/West Lothian 2021 by-election Ward_5.csv,F,F,F,F,F,NA,NA,NA,NA,NA,NA,NA,NA
shetland12-ballots/shetland12-01.blt,C,C,C,C,NA,NA,NA,NA,NA,NA,NA,NA,NA
shetland12-ballots/shetland12-02.blt,E,E,E,E,E,E,NA,NA,NA,NA,NA,NA,NA
shetland12-ballots/shetland12-03.blt,F,F,F,F,F,F,NA,NA,NA,NA,NA,NA,NA
shetland12-ballots/shetland12-04.blt,D,D,D,D,D,NA,NA,NA,NA,NA,NA,NA,NA
shetland12-ballots/shetland12-05.blt,A,A,A,NA,NA,NA,NA,NA,NA,NA,NA,NA,NA
shetland12-ballots/shetland12-06.blt,B,B,B,B,B,B,NA,NA,NA,NA,NA,NA,NA
shetland12-ballots/shetland12-07.blt,G,G,G,G,G,G,NA,NA,NA,NA,NA,NA,NA
shetland17/shetland17-01.blt,E,D,E,E,NA,NA,NA,NA,NA,NA,NA,NA,NA
shetland17/shetland17-02.blt,D,D,D,NA,NA,NA,NA,NA,NA,NA,NA,NA,NA
shetland17/shetland17-03.blt,E,E,E,E,E,NA,NA,NA,NA,NA,NA,NA,NA
shetland17/shetland17-04.blt,D,D,D,D,NA,NA,NA,NA,NA,NA,NA,NA,NA
shetland17/shetland17-06.blt,A,A,A,NA,NA,NA,NA,NA,NA,NA,NA,NA,NA
shetland17/shetland17-07.blt,E,B,E,E,NA,NA,NA,NA,NA,NA,NA,NA,NA
shetland22/ward-3-shetland-west-preference-profile.blt,A,A,A,A,A,A,A,NA,NA,NA,NA,NA,NA
shetland22/ward-4-shetland-central-preference-profile.blt,B,B,B,B,B,NA,NA,NA,NA,NA,NA,NA,NA
shetland22/ward-5-lerwick-north-and-bressay-preference-profile.blt,B,B,B,B,NA,NA,NA,NA,NA,NA,NA,NA,NA
shetland22/ward-6-lerwick-south-preference-profile.blt,D,D,D,D,D,D,NA,NA,NA,NA,NA,NA,NA
shetland22/ward-7-shetland-south-preference-profile.blt,C,C,C,C,NA,NA,NA,NA,NA,NA,NA,NA,NA
stirling12-ballots/stirling12-01.blt,C,B,C,C,C,NA,NA,NA,NA,NA,NA,NA,NA
stirling12-ballots/stirling12-02.blt,G,A,G,G,G,G,G,NA,NA,NA,NA,NA,NA
stirling12-ballots/stirling12-03.blt,C,C,C,C,C,NA,NA,NA,NA,NA,NA,NA,NA
stirling12-ballots/stirling12-04.blt,C,G,G,G,C,C,C,NA,NA,NA,NA,NA,NA
stirling12-ballots/stirling12-05.blt,C,C,C,NA,NA,NA,NA,NA,NA,NA,NA,NA,NA
stirling12-ballots/stirling12-06.blt,C,F,E,C,C,NA,NA,NA,NA,NA,NA,NA,NA
stirling12-ballots/stirling12-07.blt,A,C,A,A,A,A,NA,NA,NA,NA,NA,NA,NA
stirling17-ballots/stirling17-01.blt,B,B,B,B,B,B,NA,NA,NA,NA,NA,NA,NA
stirling17-ballots/stirling17-02.blt,A,A,A,A,A,A,NA,NA,NA,NA,NA,NA,NA
stirling17-ballots/stirling17-03.blt,E,E,E,E,E,E,NA,NA,NA,NA,NA,NA,NA
stirling17-ballots/stirling17-04.blt,D,E,D,D,D,D,D,NA,NA,NA,NA,NA,NA
stirling17-ballots/stirling17-05.blt,A,A,A,A,A,NA,NA,NA,NA,NA,NA,NA,NA
stirling17-ballots/stirling17-06.blt,E,E,E,E,E,E,NA,NA,NA,NA,NA,NA,NA
stirling17-ballots/stirling17-07.blt,E,E,E,E,E,E,NA,NA,NA,NA,NA,NA,NA
stirling22/preferenceprofile_v0001_ward-1-trossachs-and-teith_06052022_124254.blt,A,A,A,A,A,A,A,NA,NA,NA,NA,NA,NA
stirling22/preferenceprofile_v0001_ward-2-forth-and-endrick_06052022_124253.blt,E,B,B,E,B,E,E,NA,NA,NA,NA,NA,NA
stirling22/preferenceprofile_v0001_ward-3-dunblane-and-bridge-of-allan_06052022_124253.blt,D,C,C,C,D,D,D,D,D,NA,NA,NA,NA
stirling22/preferenceprofile_v0001_ward-4-stirling-north_06052022_124253.blt,C,C,C,C,C,C,NA,NA,NA,NA,NA,NA,NA
stirling22/preferenceprofile_v0001_ward-5-stirling-west_06052022_124253.blt,B,A,A,A,B,B,NA,NA,NA,NA,NA,NA,NA
stirling22/preferenceprofile_v0001_ward-6-stirling-east_06052022_124253.blt,E,E,E,E,E,E,E,NA,NA,NA,NA,NA,NA
stirling22/preferenceprofile_v0001_ward-7-bannockburn_06052022_124254.blt,D,D,D,D,D,D,D,NA,NA,NA,NA,NA,NA
w-duns12-ballots/w-duns12-01.blt,E,E,E,E,E,E,NA,NA,NA,NA,NA,NA,NA
w-duns12-ballots/w-duns12-02.blt,C,C,C,C,C,C,NA,NA,NA,NA,NA,NA,NA
w-duns12-ballots/w-duns12-03.blt,D,D,D,D,D,D,D,D,NA,NA,NA,NA,NA
w-duns12-ballots/w-duns12-04.blt,F,F,F,F,F,F,NA,NA,NA,NA,NA,NA,NA
w-duns12-ballots/w-duns12-05.blt,D,D,D,D,D,D,NA,NA,NA,NA,NA,NA,NA
w-duns12-ballots/w-duns12-06.blt,A,A,A,A,A,A,A,NA,NA,NA,NA,NA,NA
w-duns17-ballots/w-duns17-01.blt,F,A,A,F,F,F,NA,NA,NA,NA,NA,NA,NA
w-duns17-ballots/w-duns17-02.blt,B,B,B,B,B,B,B,NA,NA,NA,NA,NA,NA
w-duns17-ballots/w-duns17-03.blt,C,C,C,C,C,C,NA,NA,NA,NA,NA,NA,NA
w-duns17-ballots/w-duns17-04.blt,C,C,C,C,NA,NA,NA,NA,NA,NA,NA,NA,NA
w-duns17-ballots/w-duns17-05.blt,C,C,C,C,C,C,NA,NA,NA,NA,NA,NA,NA
w-duns17-ballots/w-duns17-06.blt,C,C,C,C,C,C,C,C,NA,NA,NA,NA,NA
w-duns22/preferenceprofile_v0001_ward-1-lomond_06052022_120102.csv,D,B,B,D,NA,NA,NA,NA,NA,NA,NA,NA,NA
w-duns22/preferenceprofile_v0001_ward-2-leven_06052022_120059.csv,G,C,C,G,G,G,G,NA,NA,NA,NA,NA,NA
w-duns22/preferenceprofile_v0001_ward-3-dumbarton_06052022_120059.csv,C,A,C,C,C,C,C,C,NA,NA,NA,NA,NA
w-duns22/preferenceprofile_v0001_ward-4-kilpatrick_06052022_120059.csv,B,B,B,B,NA,NA,NA,NA,NA,NA,NA,NA,NA
w-duns22/preferenceprofile_v0001_ward-5-clydebank-central_06052022_120100.csv,A,A,A,A,NA,NA,NA,NA,NA,NA,NA,NA,NA
w-duns22/preferenceprofile_v0001_ward-6-clydebank-waterfront_06052022_120103.csv,C,C,C,C,C,C,NA,NA,NA,NA,NA,NA,NA
w-lothian12-ballots/w-lothian12-01.blt,B,D,B,B,B,NA,NA,NA,NA,NA,NA,NA,NA
w-lothian12-ballots/w-lothian12-02.blt,B,B,B,B,B,NA,NA,NA,NA,NA,NA,NA,NA
w-lothian12-ballots/w-lothian12-03.blt,B,B,B,B,B,B,B,NA,NA,NA,NA,NA,NA
w-lothian12-ballots/w-lothian12-04.blt,B,B,B,B,B,B,NA,NA,NA,NA,NA,NA,NA
w-lothian12-ballots/w-lothian12-05.blt,E,E,E,E,E,E,NA,NA,NA,NA,NA,NA,NA
w-lothian12-ballots/w-lothian12-06.blt,A,A,A,A,A,NA,NA,NA,NA,NA,NA,NA,NA
w-lothian12-ballots/w-lothian12-07.blt,G,G,G,G,G,G,G,NA,NA,NA,NA,NA,NA
w-lothian12-ballots/w-lothian12-08.blt,I,H,H,I,I,I,I,I,NA,NA,NA,NA,NA
w-lothian12-ballots/w-lothian12-09.blt,A,A,A,A,NA,NA,NA,NA,NA,NA,NA,NA,NA
w-lothian17-ballots/w-lothian17-01.blt,D,D,D,D,D,D,NA,NA,NA,NA,NA,NA,NA
w-lothian17-ballots/w-lothian17-02.blt,A,A,A,A,A,A,A,A,NA,NA,NA,NA,NA
w-lothian17-ballots/w-lothian17-03.blt,C,A,C,C,C,C,C,NA,NA,NA,NA,NA,NA
w-lothian17-ballots/w-lothian17-04.blt,A,A,A,A,A,A,A,NA,NA,NA,NA,NA,NA
w-lothian17-ballots/w-lothian17-05.blt,E,E,E,E,E,E,E,NA,NA,NA,NA,NA,NA
w-lothian17-ballots/w-lothian17-06.blt,D,D,D,D,D,D,NA,NA,NA,NA,NA,NA,NA
w-lothian17-ballots/w-lothian17-07.blt,F,F,F,F,F,F,NA,NA,NA,NA,NA,NA,NA
w-lothian17-ballots/w-lothian17-08.blt,C,C,C,C,C,C,C,C,NA,NA,NA,NA,NA
w-lothian17-ballots/w-lothian17-09.blt,A,A,A,A,A,NA,NA,NA,NA,NA,NA,NA,NA
w-lothian22/PreferenceProfile_V0001_Ward-1---Linlithgow_06052022_160231.csv,E,D,E,E,E,NA,NA,NA,NA,NA,NA,NA,NA
w-lothian22/PreferenceProfile_V0001_Ward-2---Broxburn-Uphall-and-Winchburgh_06052022_160218.csv,A,A,A,A,A,A,A,A,NA,NA,NA,NA,NA
w-lothian22/PreferenceProfile_V0001_Ward-3---Livingston-North_06052022_160234.csv,C,C,C,C,C,C,C,NA,NA,NA,NA,NA,NA
w-lothian22/PreferenceProfile_V0001_Ward-4---Livingston-South_06052022_160228.csv,G,G,G,G,G,G,G,G,G,NA,NA,NA,NA
w-lothian22/PreferenceProfile_V0001_Ward-5---East-Livingston-and-East-Calder_06052022_160233.csv,F,F,F,F,F,F,F,F,F,NA,NA,NA,NA
w-lothian22/PreferenceProfile_V0001_Ward-6---Fauldhouse-and-the-Breich-Valley_06052022_160234.csv,G,B,G,G,G,G,G,NA,NA,NA,NA,NA,NA
w-lothian22/PreferenceProfile_V0001_Ward-7---Whitburn-and-Blackburn_06052022_160234.csv,E,A,E,E,E,E,NA,NA,NA,NA,NA,NA,NA
w-lothian22/PreferenceProfile_V0001_Ward-8---Bathgate_06052022_160235.csv,B,B,B,B,B,B,B,NA,NA,NA,NA,NA,NA
w-lothian22/PreferenceProfile_V0001_Ward-9---Armadale-and-Blackridge_06052022_160235.csv,A,A,A,A,A,A,NA,NA,NA,NA,NA,NA,NA
